admcd	admnm	sido	sgg	emd	sidosgg	sggemd	x	y
1101053	서울특별시 종로구 사직동	서울특별시	종로구	사직동	서울특별시 종로구	종로구 사직동	953277	1952800
1101054	서울특별시 종로구 삼청동	서울특별시	종로구	삼청동	서울특별시 종로구	종로구 삼청동	954295	1954196
1101055	서울특별시 종로구 부암동	서울특별시	종로구	부암동	서울특별시 종로구	종로구 부암동	952832	1955240
1101056	서울특별시 종로구 평창동	서울특별시	종로구	평창동	서울특별시 종로구	종로구 평창동	953121	1957311
1101057	서울특별시 종로구 무악동	서울특별시	종로구	무악동	서울특별시 종로구	종로구 무악동	952217	1953271
1101058	서울특별시 종로구 교남동	서울특별시	종로구	교남동	서울특별시 종로구	종로구 교남동	952643	1952549
1101060	서울특별시 종로구 가회동	서울특별시	종로구	가회동	서울특별시 종로구	종로구 가회동	954644	1954007
1101061	서울특별시 종로구 종로1·2·3·4가동	서울특별시	종로구	종로1·2·3·4가동	서울특별시 종로구	종로구 종로1·2·3·4가동	955244	1953290
1101063	서울특별시 종로구 종로5·6가동	서울특별시	종로구	종로5·6가동	서울특별시 종로구	종로구 종로5·6가동	956168	1952770
1101064	서울특별시 종로구 이화동	서울특별시	종로구	이화동	서울특별시 종로구	종로구 이화동	956088	1953507
1101067	서울특별시 종로구 창신1동	서울특별시	종로구	창신1동	서울특별시 종로구	종로구 창신1동	957087	1952828
1101068	서울특별시 종로구 창신2동	서울특별시	종로구	창신2동	서울특별시 종로구	종로구 창신2동	956747	1953072
1101069	서울특별시 종로구 창신3동	서울특별시	종로구	창신3동	서울특별시 종로구	종로구 창신3동	957030	1953276
1101070	서울특별시 종로구 숭인1동	서울특별시	종로구	숭인1동	서울특별시 종로구	종로구 숭인1동	957341	1953266
1101071	서울특별시 종로구 숭인2동	서울특별시	종로구	숭인2동	서울특별시 종로구	종로구 숭인2동	957717	1952884
1101072	서울특별시 종로구 청운효자동	서울특별시	종로구	청운효자동	서울특별시 종로구	종로구 청운효자동	953096	1954021
1101073	서울특별시 종로구 혜화동	서울특별시	종로구	혜화동	서울특별시 종로구	종로구 혜화동	955850	1954240
1102052	서울특별시 중구 소공동	서울특별시	중구	소공동	서울특별시 중구	중구 소공동	953640	1951837
1102054	서울특별시 중구 회현동	서울특별시	중구	회현동	서울특별시 중구	중구 회현동	953727	1950939
1102055	서울특별시 중구 명동	서울특별시	중구	명동	서울특별시 중구	중구 명동	954587	1951497
1102057	서울특별시 중구 필동	서울특별시	중구	필동	서울특별시 중구	중구 필동	955358	1950941
1102058	서울특별시 중구 장충동	서울특별시	중구	장충동	서울특별시 중구	중구 장충동	956139	1950782
1102059	서울특별시 중구 광희동	서울특별시	중구	광희동	서울특별시 중구	중구 광희동	956456	1951918
1102060	서울특별시 중구 을지로동	서울특별시	중구	을지로동	서울특별시 중구	중구 을지로동	955605	1952008
1102065	서울특별시 중구 신당5동	서울특별시	중구	신당5동	서울특별시 중구	중구 신당5동	957845	1951652
1102067	서울특별시 중구 황학동	서울특별시	중구	황학동	서울특별시 중구	중구 황학동	957673	1952167
1102068	서울특별시 중구 중림동	서울특별시	중구	중림동	서울특별시 중구	중구 중림동	952839	1950962
1102069	서울특별시 중구 신당동	서울특별시	중구	신당동	서울특별시 중구	중구 신당동	957051	1951839
1102070	서울특별시 중구 다산동	서울특별시	중구	다산동	서울특별시 중구	중구 다산동	956567	1950748
1102071	서울특별시 중구 약수동	서울특별시	중구	약수동	서울특별시 중구	중구 약수동	956734	1950132
1102072	서울특별시 중구 청구동	서울특별시	중구	청구동	서울특별시 중구	중구 청구동	957189	1950962
1102073	서울특별시 중구 동화동	서울특별시	중구	동화동	서울특별시 중구	중구 동화동	957465	1951379
1103051	서울특별시 용산구 후암동	서울특별시	용산구	후암동	서울특별시 용산구	용산구 후암동	954175	1950235
1103052	서울특별시 용산구 용산2가동	서울특별시	용산구	용산2가동	서울특별시 용산구	용산구 용산2가동	954174	1949067
1103053	서울특별시 용산구 남영동	서울특별시	용산구	남영동	서울특별시 용산구	용산구 남영동	953384	1949631
1103057	서울특별시 용산구 원효로2동	서울특별시	용산구	원효로2동	서울특별시 용산구	용산구 원효로2동	951472	1948281
1103058	서울특별시 용산구 효창동	서울특별시	용산구	효창동	서울특별시 용산구	용산구 효창동	952407	1949574
1103059	서울특별시 용산구 용문동	서울특별시	용산구	용문동	서울특별시 용산구	용산구 용문동	952154	1948887
1103063	서울특별시 용산구 이촌1동	서울특별시	용산구	이촌1동	서울특별시 용산구	용산구 이촌1동	953247	1946614
1103064	서울특별시 용산구 이촌2동	서울특별시	용산구	이촌2동	서울특별시 용산구	용산구 이촌2동	951754	1947270
1103065	서울특별시 용산구 이태원1동	서울특별시	용산구	이태원1동	서울특별시 용산구	용산구 이태원1동	955181	1948399
1103066	서울특별시 용산구 이태원2동	서울특별시	용산구	이태원2동	서울특별시 용산구	용산구 이태원2동	955202	1949253
1103069	서울특별시 용산구 서빙고동	서울특별시	용산구	서빙고동	서울특별시 용산구	용산구 서빙고동	954775	1947187
1103070	서울특별시 용산구 보광동	서울특별시	용산구	보광동	서울특별시 용산구	용산구 보광동	955968	1947478
1103071	서울특별시 용산구 청파동	서울특별시	용산구	청파동	서울특별시 용산구	용산구 청파동	952930	1950037
1103072	서울특별시 용산구 원효로1동	서울특별시	용산구	원효로1동	서울특별시 용산구	용산구 원효로1동	952883	1948777
1103073	서울특별시 용산구 한강로동	서울특별시	용산구	한강로동	서울특별시 용산구	용산구 한강로동	952877	1947910
1103074	서울특별시 용산구 한남동	서울특별시	용산구	한남동	서울특별시 용산구	용산구 한남동	956347	1948837
1104052	서울특별시 성동구 왕십리2동	서울특별시	성동구	왕십리2동	서울특별시 성동구	성동구 왕십리2동	958364	1951468
1104054	서울특별시 성동구 마장동	서울특별시	성동구	마장동	서울특별시 성동구	성동구 마장동	959426	1952087
1104055	서울특별시 성동구 사근동	서울특별시	성동구	사근동	서울특별시 성동구	성동구 사근동	959835	1951226
1104056	서울특별시 성동구 행당1동	서울특별시	성동구	행당1동	서울특별시 성동구	성동구 행당1동	958936	1951221
1104057	서울특별시 성동구 행당2동	서울특별시	성동구	행당2동	서울특별시 성동구	성동구 행당2동	958436	1950904
1104058	서울특별시 성동구 응봉동	서울특별시	성동구	응봉동	서울특별시 성동구	성동구 응봉동	958806	1950205
1104059	서울특별시 성동구 금호1가동	서울특별시	성동구	금호1가동	서울특별시 성동구	성동구 금호1가동	958160	1950528
1104062	서울특별시 성동구 금호4가동	서울특별시	성동구	금호4가동	서울특별시 성동구	성동구 금호4가동	958084	1949544
1104065	서울특별시 성동구 성수1가1동	서울특별시	성동구	성수1가1동	서울특별시 성동구	성동구 성수1가1동	959332	1949069
1104066	서울특별시 성동구 성수1가2동	서울특별시	성동구	성수1가2동	서울특별시 성동구	성동구 성수1가2동	959739	1950116
1104067	서울특별시 성동구 성수2가1동	서울특별시	성동구	성수2가1동	서울특별시 성동구	성동구 성수2가1동	960703	1948580
1104068	서울특별시 성동구 성수2가3동	서울특별시	성동구	성수2가3동	서울특별시 성동구	성동구 성수2가3동	960982	1949737
1104069	서울특별시 성동구 송정동	서울특별시	성동구	송정동	서울특별시 성동구	성동구 송정동	961859	1950550
1104070	서울특별시 성동구 용답동	서울특별시	성동구	용답동	서울특별시 성동구	성동구 용답동	960889	1951429
1104071	서울특별시 성동구 왕십리도선동	서울특별시	성동구	왕십리도선동	서울특별시 성동구	성동구 왕십리도선동	958380	1952071
1104072	서울특별시 성동구 금호2·3가동	서울특별시	성동구	금호2·3가동	서울특별시 성동구	성동구 금호2·3가동	957616	1950479
1104073	서울특별시 성동구 옥수동	서울특별시	성동구	옥수동	서울특별시 성동구	성동구 옥수동	957175	1949340
1105053	서울특별시 광진구 화양동	서울특별시	광진구	화양동	서울특별시 광진구	광진구 화양동	962296	1949442
1105054	서울특별시 광진구 군자동	서울특별시	광진구	군자동	서울특별시 광진구	광진구 군자동	962378	1950559
1105055	서울특별시 광진구 중곡1동	서울특별시	광진구	중곡1동	서울특별시 광진구	광진구 중곡1동	962708	1951503
1105056	서울특별시 광진구 중곡2동	서울특별시	광진구	중곡2동	서울특별시 광진구	광진구 중곡2동	963300	1951367
1105057	서울특별시 광진구 중곡3동	서울특별시	광진구	중곡3동	서울특별시 광진구	광진구 중곡3동	963019	1952077
1105058	서울특별시 광진구 중곡4동	서울특별시	광진구	중곡4동	서울특별시 광진구	광진구 중곡4동	964169	1951505
1105059	서울특별시 광진구 능동	서울특별시	광진구	능동	서울특별시 광진구	광진구 능동	963128	1950288
1105060	서울특별시 광진구 구의1동	서울특별시	광진구	구의1동	서울특별시 광진구	광진구 구의1동	963461	1949126
1105061	서울특별시 광진구 구의2동	서울특별시	광진구	구의2동	서울특별시 광진구	광진구 구의2동	964149	1950360
1105062	서울특별시 광진구 구의3동	서울특별시	광진구	구의3동	서울특별시 광진구	광진구 구의3동	964277	1948581
1105063	서울특별시 광진구 광장동	서울특별시	광진구	광장동	서울특별시 광진구	광진구 광장동	965108	1949814
1105064	서울특별시 광진구 자양1동	서울특별시	광진구	자양1동	서울특별시 광진구	광진구 자양1동	962907	1948651
1105065	서울특별시 광진구 자양2동	서울특별시	광진구	자양2동	서울특별시 광진구	광진구 자양2동	963194	1948047
1105066	서울특별시 광진구 자양3동	서울특별시	광진구	자양3동	서울특별시 광진구	광진구 자양3동	962097	1948111
1105067	서울특별시 광진구 자양4동	서울특별시	광진구	자양4동	서울특별시 광진구	광진구 자양4동	961439	1948379
1106071	서울특별시 동대문구 회기동	서울특별시	동대문구	회기동	서울특별시 동대문구	동대문구 회기동	960380	1955059
1106072	서울특별시 동대문구 휘경1동	서울특별시	동대문구	휘경1동	서울특별시 동대문구	동대문구 휘경1동	961364	1954787
1106073	서울특별시 동대문구 휘경2동	서울특별시	동대문구	휘경2동	서울특별시 동대문구	동대문구 휘경2동	961474	1954272
1106080	서울특별시 동대문구 청량리동	서울특별시	동대문구	청량리동	서울특별시 동대문구	동대문구 청량리동	959841	1954413
1106081	서울특별시 동대문구 용신동	서울특별시	동대문구	용신동	서울특별시 동대문구	동대문구 용신동	958799	1952966
1106082	서울특별시 동대문구 제기동	서울특별시	동대문구	제기동	서울특별시 동대문구	동대문구 제기동	959116	1953938
1106083	서울특별시 동대문구 전농1동	서울특별시	동대문구	전농1동	서울특별시 동대문구	동대문구 전농1동	960307	1953554
1106084	서울특별시 동대문구 전농2동	서울특별시	동대문구	전농2동	서울특별시 동대문구	동대문구 전농2동	961314	1953557
1106086	서울특별시 동대문구 답십리2동	서울특별시	동대문구	답십리2동	서울특별시 동대문구	동대문구 답십리2동	961204	1952334
1106087	서울특별시 동대문구 장안1동	서울특별시	동대문구	장안1동	서울특별시 동대문구	동대문구 장안1동	961898	1951947
1106088	서울특별시 동대문구 장안2동	서울특별시	동대문구	장안2동	서울특별시 동대문구	동대문구 장안2동	962257	1952895
1106089	서울특별시 동대문구 이문1동	서울특별시	동대문구	이문1동	서울특별시 동대문구	동대문구 이문1동	961330	1955341
1106090	서울특별시 동대문구 이문2동	서울특별시	동대문구	이문2동	서울특별시 동대문구	동대문구 이문2동	961764	1956062
1106091	서울특별시 동대문구 답십리1동	서울특별시	동대문구	답십리1동	서울특별시 동대문구	동대문구 답십리1동	960392	1952537
1107052	서울특별시 중랑구 면목2동	서울특별시	중랑구	면목2동	서울특별시 중랑구	중랑구 면목2동	962754	1954534
1107054	서울특별시 중랑구 면목4동	서울특별시	중랑구	면목4동	서울특별시 중랑구	중랑구 면목4동	963450	1952757
1107055	서울특별시 중랑구 면목5동	서울특별시	중랑구	면목5동	서울특별시 중랑구	중랑구 면목5동	962884	1953793
1107057	서울특별시 중랑구 면목7동	서울특별시	중랑구	면목7동	서울특별시 중랑구	중랑구 면목7동	964336	1953001
1107059	서울특별시 중랑구 상봉1동	서울특별시	중랑구	상봉1동	서울특별시 중랑구	중랑구 상봉1동	963859	1956068
1107060	서울특별시 중랑구 상봉2동	서울특별시	중랑구	상봉2동	서울특별시 중랑구	중랑구 상봉2동	963437	1955099
1107061	서울특별시 중랑구 중화1동	서울특별시	중랑구	중화1동	서울특별시 중랑구	중랑구 중화1동	963203	1956045
1107062	서울특별시 중랑구 중화2동	서울특별시	중랑구	중화2동	서울특별시 중랑구	중랑구 중화2동	962521	1955589
1107064	서울특별시 중랑구 묵1동	서울특별시	중랑구	묵1동	서울특별시 중랑구	중랑구 묵1동	963037	1957103
1107065	서울특별시 중랑구 묵2동	서울특별시	중랑구	묵2동	서울특별시 중랑구	중랑구 묵2동	962471	1956754
1107068	서울특별시 중랑구 망우3동	서울특별시	중랑구	망우3동	서울특별시 중랑구	중랑구 망우3동	964933	1954720
1107069	서울특별시 중랑구 신내1동	서울특별시	중랑구	신내1동	서울특별시 중랑구	중랑구 신내1동	964572	1956815
1107070	서울특별시 중랑구 신내2동	서울특별시	중랑구	신내2동	서울특별시 중랑구	중랑구 신내2동	964021	1956679
1107071	서울특별시 중랑구 면목본동	서울특별시	중랑구	면목본동	서울특별시 중랑구	중랑구 면목본동	963739	1954420
1107072	서울특별시 중랑구 면목3·8동	서울특별시	중랑구	면목3·8동	서울특별시 중랑구	중랑구 면목3·8동	964850	1954018
1107073	서울특별시 중랑구 망우본동	서울특별시	중랑구	망우본동	서울특별시 중랑구	중랑구 망우본동	965457	1955935
1108058	서울특별시 성북구 돈암1동	서울특별시	성북구	돈암1동	서울특별시 성북구	성북구 돈암1동	957908	1955680
1108059	서울특별시 성북구 돈암2동	서울특별시	성북구	돈암2동	서울특별시 성북구	성북구 돈암2동	956682	1955376
1108060	서울특별시 성북구 안암동	서울특별시	성북구	안암동	서울특별시 성북구	성북구 안암동	958239	1954279
1108061	서울특별시 성북구 보문동	서울특별시	성북구	보문동	서울특별시 성북구	성북구 보문동	957463	1953889
1108062	서울특별시 성북구 정릉1동	서울특별시	성북구	정릉1동	서울특별시 성북구	성북구 정릉1동	957286	1956437
1108063	서울특별시 성북구 정릉2동	서울특별시	성북구	정릉2동	서울특별시 성북구	성북구 정릉2동	956544	1956190
1108064	서울특별시 성북구 정릉3동	서울특별시	성북구	정릉3동	서울특별시 성북구	성북구 정릉3동	955999	1957385
1108065	서울특별시 성북구 정릉4동	서울특별시	성북구	정릉4동	서울특별시 성북구	성북구 정릉4동	955703	1958145
1108066	서울특별시 성북구 길음1동	서울특별시	성북구	길음1동	서울특별시 성북구	성북구 길음1동	957607	1956664
1108068	서울특별시 성북구 길음2동	서울특별시	성북구	길음2동	서울특별시 성북구	성북구 길음2동	958257	1956611
1108071	서울특별시 성북구 월곡1동	서울특별시	성북구	월곡1동	서울특별시 성북구	성북구 월곡1동	959097	1956650
1108072	서울특별시 성북구 월곡2동	서울특별시	성북구	월곡2동	서울특별시 성북구	성북구 월곡2동	959828	1956129
1108076	서울특별시 성북구 장위1동	서울특별시	성북구	장위1동	서울특별시 성북구	성북구 장위1동	959718	1957456
1108077	서울특별시 성북구 장위2동	서울특별시	성북구	장위2동	서울특별시 성북구	성북구 장위2동	960581	1957123
1108078	서울특별시 성북구 장위3동	서울특별시	성북구	장위3동	서울특별시 성북구	성북구 장위3동	960590	1957739
1108081	서울특별시 성북구 성북동	서울특별시	성북구	성북동	서울특별시 성북구	성북구 성북동	955449	1955223
1108082	서울특별시 성북구 삼선동	서울특별시	성북구	삼선동	서울특별시 성북구	성북구 삼선동	956849	1954235
1108083	서울특별시 성북구 동선동	서울특별시	성북구	동선동	서울특별시 성북구	성북구 동선동	957467	1955039
1108084	서울특별시 성북구 종암동	서울특별시	성북구	종암동	서울특별시 성북구	성북구 종암동	958809	1955415
1108085	서울특별시 성북구 석관동	서울특별시	성북구	석관동	서울특별시 성북구	성북구 석관동	961231	1956678
1109060	서울특별시 강북구 번1동	서울특별시	강북구	번1동	서울특별시 강북구	강북구 번1동	958554	1959976
1109061	서울특별시 강북구 번2동	서울특별시	강북구	번2동	서울특별시 강북구	강북구 번2동	958992	1958808
1109062	서울특별시 강북구 번3동	서울특별시	강북구	번3동	서울특별시 강북구	강북구 번3동	959675	1958324
1109063	서울특별시 강북구 수유1동	서울특별시	강북구	수유1동	서울특별시 강북구	강북구 수유1동	956504	1959015
1109064	서울특별시 강북구 수유2동	서울특별시	강북구	수유2동	서울특별시 강북구	강북구 수유2동	957644	1960704
1109065	서울특별시 강북구 수유3동	서울특별시	강북구	수유3동	서울특별시 강북구	강북구 수유3동	957994	1960276
1109069	서울특별시 강북구 삼양동	서울특별시	강북구	삼양동	서울특별시 강북구	강북구 삼양동	956934	1958442
1109070	서울특별시 강북구 미아동	서울특별시	강북구	미아동	서울특별시 강북구	강북구 미아동	958178	1958936
1109071	서울특별시 강북구 송중동	서울특별시	강북구	송중동	서울특별시 강북구	강북구 송중동	958882	1957659
1109072	서울특별시 강북구 송천동	서울특별시	강북구	송천동	서울특별시 강북구	강북구 송천동	958117	1957747
1109073	서울특별시 강북구 삼각산동	서울특별시	강북구	삼각산동	서울특별시 강북구	강북구 삼각산동	957400	1957523
1109074	서울특별시 강북구 우이동	서울특별시	강북구	우이동	서울특별시 강북구	강북구 우이동	956044	1962668
1109075	서울특별시 강북구 인수동	서울특별시	강북구	인수동	서울특별시 강북구	강북구 인수동	955988	1959950
1110051	서울특별시 도봉구 쌍문1동	서울특별시	도봉구	쌍문1동	서울특별시 도봉구	도봉구 쌍문1동	957567	1961731
1110052	서울특별시 도봉구 쌍문2동	서울특별시	도봉구	쌍문2동	서울특별시 도봉구	도봉구 쌍문2동	959109	1961865
1110053	서울특별시 도봉구 쌍문3동	서울특별시	도봉구	쌍문3동	서울특별시 도봉구	도봉구 쌍문3동	958612	1961124
1110054	서울특별시 도봉구 쌍문4동	서울특별시	도봉구	쌍문4동	서울특별시 도봉구	도봉구 쌍문4동	958537	1961866
1110055	서울특별시 도봉구 방학1동	서울특별시	도봉구	방학1동	서울특별시 도봉구	도봉구 방학1동	959740	1962942
1110056	서울특별시 도봉구 방학2동	서울특별시	도봉구	방학2동	서울특별시 도봉구	도봉구 방학2동	958848	1963321
1110057	서울특별시 도봉구 방학3동	서울특별시	도봉구	방학3동	서울특별시 도봉구	도봉구 방학3동	957965	1962669
1110059	서울특별시 도봉구 창1동	서울특별시	도봉구	창1동	서울특별시 도봉구	도봉구 창1동	959943	1960797
1110060	서울특별시 도봉구 창2동	서울특별시	도봉구	창2동	서울특별시 도봉구	도봉구 창2동	959134	1960359
1110061	서울특별시 도봉구 창3동	서울특별시	도봉구	창3동	서울특별시 도봉구	도봉구 창3동	959527	1959896
1110062	서울특별시 도봉구 창4동	서울특별시	도봉구	창4동	서울특별시 도봉구	도봉구 창4동	960426	1961406
1110063	서울특별시 도봉구 창5동	서울특별시	도봉구	창5동	서울특별시 도봉구	도봉구 창5동	959676	1962024
1110064	서울특별시 도봉구 도봉1동	서울특별시	도봉구	도봉1동	서울특별시 도봉구	도봉구 도봉1동	958330	1965189
1110065	서울특별시 도봉구 도봉2동	서울특별시	도봉구	도봉2동	서울특별시 도봉구	도봉구 도봉2동	960190	1964757
1111051	서울특별시 노원구 월계1동	서울특별시	노원구	월계1동	서울특별시 노원구	노원구 월계1동	960922	1958230
1111052	서울특별시 노원구 월계2동	서울특별시	노원구	월계2동	서울특별시 노원구	노원구 월계2동	960435	1959576
1111053	서울특별시 노원구 월계3동	서울특별시	노원구	월계3동	서울특별시 노원구	노원구 월계3동	961558	1958585
1111056	서울특별시 노원구 공릉2동	서울특별시	노원구	공릉2동	서울특별시 노원구	노원구 공릉2동	964151	1959239
1111058	서울특별시 노원구 하계1동	서울특별시	노원구	하계1동	서울특별시 노원구	노원구 하계1동	962459	1959934
1111059	서울특별시 노원구 하계2동	서울특별시	노원구	하계2동	서울특별시 노원구	노원구 하계2동	961580	1959589
1111060	서울특별시 노원구 중계본동	서울특별시	노원구	중계본동	서울특별시 노원구	노원구 중계본동	963374	1961013
1111061	서울특별시 노원구 중계1동	서울특별시	노원구	중계1동	서울특별시 노원구	노원구 중계1동	962339	1961056
1111064	서울특별시 노원구 중계4동	서울특별시	노원구	중계4동	서울특별시 노원구	노원구 중계4동	963224	1962355
1111065	서울특별시 노원구 상계1동	서울특별시	노원구	상계1동	서울특별시 노원구	노원구 상계1동	961533	1964931
1111066	서울특별시 노원구 상계2동	서울특별시	노원구	상계2동	서울특별시 노원구	노원구 상계2동	961786	1962000
1111069	서울특별시 노원구 상계5동	서울특별시	노원구	상계5동	서울특별시 노원구	노원구 상계5동	962033	1962726
1111072	서울특별시 노원구 상계8동	서울특별시	노원구	상계8동	서울특별시 노원구	노원구 상계8동	960627	1963070
1111073	서울특별시 노원구 상계9동	서울특별시	노원구	상계9동	서울특별시 노원구	노원구 상계9동	961356	1963086
1111074	서울특별시 노원구 상계10동	서울특별시	노원구	상계10동	서울특별시 노원구	노원구 상계10동	961065	1962392
1111076	서울특별시 노원구 상계3·4동	서울특별시	노원구	상계3·4동	서울특별시 노원구	노원구 상계3·4동	963245	1964101
1111077	서울특별시 노원구 상계6·7동	서울특별시	노원구	상계6·7동	서울특별시 노원구	노원구 상계6·7동	961122	1960877
1111078	서울특별시 노원구 중계2·3동	서울특별시	노원구	중계2·3동	서울특별시 노원구	노원구 중계2·3동	961739	1960549
1111079	서울특별시 노원구 공릉1동	서울특별시	노원구	공릉1동	서울특별시 노원구	노원구 공릉1동	962398	1958318
1112051	서울특별시 은평구 녹번동	서울특별시	은평구	녹번동	서울특별시 은평구	은평구 녹번동	949817	1956186
1112052	서울특별시 은평구 불광1동	서울특별시	은평구	불광1동	서울특별시 은평구	은평구 불광1동	950243	1957781
1112055	서울특별시 은평구 갈현1동	서울특별시	은평구	갈현1동	서울특별시 은평구	은평구 갈현1동	948319	1958536
1112056	서울특별시 은평구 갈현2동	서울특별시	은평구	갈현2동	서울특별시 은평구	은평구 갈현2동	948202	1957792
1112057	서울특별시 은평구 구산동	서울특별시	은평구	구산동	서울특별시 은평구	은평구 구산동	947826	1957095
1112058	서울특별시 은평구 대조동	서울특별시	은평구	대조동	서울특별시 은평구	은평구 대조동	949069	1957122
1112059	서울특별시 은평구 응암1동	서울특별시	은평구	응암1동	서울특별시 은평구	은평구 응암1동	949346	1955479
1112060	서울특별시 은평구 응암2동	서울특별시	은평구	응암2동	서울특별시 은평구	은평구 응암2동	949043	1954805
1112065	서울특별시 은평구 신사1동	서울특별시	은평구	신사1동	서울특별시 은평구	은평구 신사1동	948043	1955520
1112066	서울특별시 은평구 신사2동	서울특별시	은평구	신사2동	서울특별시 은평구	은평구 신사2동	947583	1955068
1112067	서울특별시 은평구 증산동	서울특별시	은평구	증산동	서울특별시 은평구	은평구 증산동	947479	1953778
1112068	서울특별시 은평구 수색동	서울특별시	은평구	수색동	서울특별시 은평구	은평구 수색동	946575	1954254
1112071	서울특별시 은평구 진관동	서울특별시	은평구	진관동	서울특별시 은평구	은평구 진관동	950497	1960460
1112072	서울특별시 은평구 불광2동	서울특별시	은평구	불광2동	서울특별시 은평구	은평구 불광2동	949694	1958463
1112073	서울특별시 은평구 응암3동	서울특별시	은평구	응암3동	서울특별시 은평구	은평구 응암3동	948515	1954644
1112074	서울특별시 은평구 역촌동	서울특별시	은평구	역촌동	서울특별시 은평구	은평구 역촌동	948411	1956364
1113052	서울특별시 서대문구 천연동	서울특별시	서대문구	천연동	서울특별시 서대문구	서대문구 천연동	951948	1952692
1113062	서울특별시 서대문구 홍제1동	서울특별시	서대문구	홍제1동	서울특별시 서대문구	서대문구 홍제1동	951251	1953497
1113064	서울특별시 서대문구 홍제3동	서울특별시	서대문구	홍제3동	서울특별시 서대문구	서대문구 홍제3동	951559	1954902
1113065	서울특별시 서대문구 홍제2동	서울특별시	서대문구	홍제2동	서울특별시 서대문구	서대문구 홍제2동	951744	1953995
1113066	서울특별시 서대문구 홍은1동	서울특별시	서대문구	홍은1동	서울특별시 서대문구	서대문구 홍은1동	951199	1955695
1113068	서울특별시 서대문구 홍은2동	서울특별시	서대문구	홍은2동	서울특별시 서대문구	서대문구 홍은2동	949704	1954314
1113069	서울특별시 서대문구 남가좌1동	서울특별시	서대문구	남가좌1동	서울특별시 서대문구	서대문구 남가좌1동	948455	1952586
1113070	서울특별시 서대문구 남가좌2동	서울특별시	서대문구	남가좌2동	서울특별시 서대문구	서대문구 남가좌2동	948852	1953398
1113071	서울특별시 서대문구 북가좌1동	서울특별시	서대문구	북가좌1동	서울특별시 서대문구	서대문구 북가좌1동	947767	1953030
1113072	서울특별시 서대문구 북가좌2동	서울특별시	서대문구	북가좌2동	서울특별시 서대문구	서대문구 북가좌2동	948316	1953753
1113073	서울특별시 서대문구 충현동	서울특별시	서대문구	충현동	서울특별시 서대문구	서대문구 충현동	952208	1951718
1113074	서울특별시 서대문구 북아현동	서울특별시	서대문구	북아현동	서울특별시 서대문구	서대문구 북아현동	951932	1951270
1113075	서울특별시 서대문구 신촌동	서울특별시	서대문구	신촌동	서울특별시 서대문구	서대문구 신촌동	950703	1951951
1113076	서울특별시 서대문구 연희동	서울특별시	서대문구	연희동	서울특별시 서대문구	서대문구 연희동	949952	1952705
1114059	서울특별시 마포구 용강동	서울특별시	마포구	용강동	서울특별시 마포구	마포구 용강동	950612	1949077
1114060	서울특별시 마포구 대흥동	서울특별시	마포구	대흥동	서울특별시 마포구	마포구 대흥동	950670	1950316
1114061	서울특별시 마포구 염리동	서울특별시	마포구	염리동	서울특별시 마포구	마포구 염리동	951252	1950320
1114063	서울특별시 마포구 신수동	서울특별시	마포구	신수동	서울특별시 마포구	마포구 신수동	950094	1949634
1114066	서울특별시 마포구 서교동	서울특별시	마포구	서교동	서울특별시 마포구	마포구 서교동	949111	1950769
1114068	서울특별시 마포구 합정동	서울특별시	마포구	합정동	서울특별시 마포구	마포구 합정동	947733	1949884
1114069	서울특별시 마포구 망원1동	서울특별시	마포구	망원1동	서울특별시 마포구	마포구 망원1동	946881	1950484
1114070	서울특별시 마포구 망원2동	서울특별시	마포구	망원2동	서울특별시 마포구	마포구 망원2동	946682	1951038
1114071	서울특별시 마포구 연남동	서울특별시	마포구	연남동	서울특별시 마포구	마포구 연남동	949008	1951602
1114072	서울특별시 마포구 성산1동	서울특별시	마포구	성산1동	서울특별시 마포구	마포구 성산1동	947995	1951581
1114073	서울특별시 마포구 성산2동	서울특별시	마포구	성산2동	서울특별시 마포구	마포구 성산2동	947443	1952210
1114074	서울특별시 마포구 상암동	서울특별시	마포구	상암동	서울특별시 마포구	마포구 상암동	944794	1952774
1114075	서울특별시 마포구 도화동	서울특별시	마포구	도화동	서울특별시 마포구	마포구 도화동	951105	1948721
1114076	서울특별시 마포구 서강동	서울특별시	마포구	서강동	서울특별시 마포구	마포구 서강동	949260	1949828
1114077	서울특별시 마포구 공덕동	서울특별시	마포구	공덕동	서울특별시 마포구	마포구 공덕동	952206	1950225
1114078	서울특별시 마포구 아현동	서울특별시	마포구	아현동	서울특별시 마포구	마포구 아현동	951658	1950237
1115051	서울특별시 양천구 목1동	서울특별시	양천구	목1동	서울특별시 양천구	양천구 목1동	944657	1947678
1115052	서울특별시 양천구 목2동	서울특별시	양천구	목2동	서울특별시 양천구	양천구 목2동	944637	1949426
1115053	서울특별시 양천구 목3동	서울특별시	양천구	목3동	서울특별시 양천구	양천구 목3동	943856	1949716
1115054	서울특별시 양천구 목4동	서울특별시	양천구	목4동	서울특별시 양천구	양천구 목4동	944011	1948405
1115057	서울특별시 양천구 신월1동	서울특별시	양천구	신월1동	서울특별시 양천구	양천구 신월1동	941133	1948343
1115058	서울특별시 양천구 신월2동	서울특별시	양천구	신월2동	서울특별시 양천구	양천구 신월2동	942141	1947215
1115059	서울특별시 양천구 신월3동	서울특별시	양천구	신월3동	서울특별시 양천구	양천구 신월3동	940524	1948383
1115060	서울특별시 양천구 신월4동	서울특별시	양천구	신월4동	서울특별시 양천구	양천구 신월4동	941708	1947143
1115061	서울특별시 양천구 신월5동	서울특별시	양천구	신월5동	서울특별시 양천구	양천구 신월5동	940773	1949309
1115062	서울특별시 양천구 신월6동	서울특별시	양천구	신월6동	서울특별시 양천구	양천구 신월6동	941936	1946555
1115063	서울특별시 양천구 신월7동	서울특별시	양천구	신월7동	서울특별시 양천구	양천구 신월7동	940951	1947003
1115064	서울특별시 양천구 신정1동	서울특별시	양천구	신정1동	서울특별시 양천구	양천구 신정1동	943468	1946745
1115065	서울특별시 양천구 신정2동	서울특별시	양천구	신정2동	서울특별시 양천구	양천구 신정2동	944760	1946808
1115066	서울특별시 양천구 신정3동	서울특별시	양천구	신정3동	서울특별시 양천구	양천구 신정3동	941706	1946049
1115069	서울특별시 양천구 신정6동	서울특별시	양천구	신정6동	서울특별시 양천구	양천구 신정6동	944070	1946533
1115070	서울특별시 양천구 신정7동	서울특별시	양천구	신정7동	서울특별시 양천구	양천구 신정7동	943810	1945980
1115071	서울특별시 양천구 목5동	서울특별시	양천구	목5동	서울특별시 양천구	양천구 목5동	945341	1948814
1115072	서울특별시 양천구 신정4동	서울특별시	양천구	신정4동	서울특별시 양천구	양천구 신정4동	943260	1947408
1116051	서울특별시 강서구 염창동	서울특별시	강서구	염창동	서울특별시 강서구	강서구 염창동	944852	1950658
1116052	서울특별시 강서구 등촌1동	서울특별시	강서구	등촌1동	서울특별시 강서구	강서구 등촌1동	943337	1950930
1116053	서울특별시 강서구 등촌2동	서울특별시	강서구	등촌2동	서울특별시 강서구	강서구 등촌2동	943339	1949693
1116054	서울특별시 강서구 등촌3동	서울특별시	강서구	등촌3동	서울특별시 강서구	강서구 등촌3동	942303	1951552
1116055	서울특별시 강서구 화곡본동	서울특별시	강서구	화곡본동	서울특별시 강서구	강서구 화곡본동	942490	1949470
1116057	서울특별시 강서구 화곡2동	서울특별시	강서구	화곡2동	서울특별시 강서구	강서구 화곡2동	942974	1948322
1116058	서울특별시 강서구 화곡3동	서울특별시	강서구	화곡3동	서울특별시 강서구	강서구 화곡3동	941213	1949512
1116059	서울특별시 강서구 화곡4동	서울특별시	강서구	화곡4동	서울특별시 강서구	강서구 화곡4동	943312	1948707
1116061	서울특별시 강서구 화곡6동	서울특별시	강서구	화곡6동	서울특별시 강서구	강서구 화곡6동	942697	1950449
1116063	서울특별시 강서구 화곡8동	서울특별시	강서구	화곡8동	서울특별시 강서구	강서구 화곡8동	942409	1948542
1116064	서울특별시 강서구 가양1동	서울특별시	강서구	가양1동	서울특별시 강서구	강서구 가양1동	941388	1952916
1116065	서울특별시 강서구 가양2동	서울특별시	강서구	가양2동	서울특별시 강서구	강서구 가양2동	943023	1952322
1116066	서울특별시 강서구 가양3동	서울특별시	강서구	가양3동	서울특별시 강서구	강서구 가양3동	943699	1951685
1116067	서울특별시 강서구 발산1동	서울특별시	강서구	발산1동	서울특별시 강서구	강서구 발산1동	940450	1950269
1116069	서울특별시 강서구 공항동	서울특별시	강서구	공항동	서울특별시 강서구	강서구 공항동	937692	1951026
1116070	서울특별시 강서구 방화1동	서울특별시	강서구	방화1동	서울특별시 강서구	강서구 방화1동	939747	1952350
1116071	서울특별시 강서구 방화2동	서울특별시	강서구	방화2동	서울특별시 강서구	강서구 방화2동	938405	1953983
1116072	서울특별시 강서구 방화3동	서울특별시	강서구	방화3동	서울특별시 강서구	강서구 방화3동	939828	1953948
1116073	서울특별시 강서구 화곡1동	서울특별시	강서구	화곡1동	서울특별시 강서구	강서구 화곡1동	941713	1948572
1116074	서울특별시 강서구 우장산동	서울특별시	강서구	우장산동	서울특별시 강서구	강서구 우장산동	941777	1950328
1117051	서울특별시 구로구 신도림동	서울특별시	구로구	신도림동	서울특별시 구로구	구로구 신도림동	945488	1945839
1117052	서울특별시 구로구 구로1동	서울특별시	구로구	구로1동	서울특별시 구로구	구로구 구로1동	944733	1943932
1117054	서울특별시 구로구 구로3동	서울특별시	구로구	구로3동	서울특별시 구로구	구로구 구로3동	946441	1943054
1117055	서울특별시 구로구 구로4동	서울특별시	구로구	구로4동	서울특별시 구로구	구로구 구로4동	946222	1943736
1117056	서울특별시 구로구 구로5동	서울특별시	구로구	구로5동	서울특별시 구로구	구로구 구로5동	945840	1944895
1117061	서울특별시 구로구 고척1동	서울특별시	구로구	고척1동	서울특별시 구로구	구로구 고척1동	943634	1944682
1117062	서울특별시 구로구 고척2동	서울특별시	구로구	고척2동	서울특별시 구로구	구로구 고척2동	942953	1945321
1117064	서울특별시 구로구 개봉2동	서울특별시	구로구	개봉2동	서울특별시 구로구	구로구 개봉2동	943126	1943823
1117065	서울특별시 구로구 개봉3동	서울특별시	구로구	개봉3동	서울특별시 구로구	구로구 개봉3동	942675	1943178
1117067	서울특별시 구로구 오류1동	서울특별시	구로구	오류1동	서울특별시 구로구	구로구 오류1동	941907	1944373
1117068	서울특별시 구로구 오류2동	서울특별시	구로구	오류2동	서울특별시 구로구	구로구 오류2동	941109	1942993
1117069	서울특별시 구로구 수궁동	서울특별시	구로구	수궁동	서울특별시 구로구	구로구 수궁동	940453	1944594
1117070	서울특별시 구로구 가리봉동	서울특별시	구로구	가리봉동	서울특별시 구로구	구로구 가리봉동	945915	1942828
1117071	서울특별시 구로구 구로2동	서울특별시	구로구	구로2동	서울특별시 구로구	구로구 구로2동	945512	1944347
1117072	서울특별시 구로구 개봉1동	서울특별시	구로구	개봉1동	서울특별시 구로구	구로구 개봉1동	942065	1944815
1118051	서울특별시 금천구 가산동	서울특별시	금천구	가산동	서울특별시 금천구	금천구 가산동	945807	1941995
1118052	서울특별시 금천구 독산1동	서울특별시	금천구	독산1동	서울특별시 금천구	금천구 독산1동	946304	1940843
1118053	서울특별시 금천구 독산2동	서울특별시	금천구	독산2동	서울특별시 금천구	금천구 독산2동	947042	1940553
1118054	서울특별시 금천구 독산3동	서울특별시	금천구	독산3동	서울특별시 금천구	금천구 독산3동	947408	1942050
1118055	서울특별시 금천구 독산4동	서울특별시	금천구	독산4동	서울특별시 금천구	금천구 독산4동	947275	1941378
1118057	서울특별시 금천구 시흥1동	서울특별시	금천구	시흥1동	서울특별시 금천구	금천구 시흥1동	946983	1939506
1118058	서울특별시 금천구 시흥2동	서울특별시	금천구	시흥2동	서울특별시 금천구	금천구 시흥2동	948736	1939196
1118059	서울특별시 금천구 시흥3동	서울특별시	금천구	시흥3동	서울특별시 금천구	금천구 시흥3동	947535	1938098
1118060	서울특별시 금천구 시흥4동	서울특별시	금천구	시흥4동	서울특별시 금천구	금천구 시흥4동	947758	1940263
1118061	서울특별시 금천구 시흥5동	서울특별시	금천구	시흥5동	서울특별시 금천구	금천구 시흥5동	947678	1939028
1119054	서울특별시 영등포구 여의동	서울특별시	영등포구	여의동	서울특별시 영등포구	영등포구 여의동	949467	1947830
1119055	서울특별시 영등포구 당산1동	서울특별시	영등포구	당산1동	서울특별시 영등포구	영등포구 당산1동	946706	1947324
1119056	서울특별시 영등포구 당산2동	서울특별시	영등포구	당산2동	서울특별시 영등포구	영등포구 당산2동	947310	1948442
1119061	서울특별시 영등포구 양평1동	서울특별시	영등포구	양평1동	서울특별시 영등포구	영등포구 양평1동	945800	1947548
1119062	서울특별시 영등포구 양평2동	서울특별시	영등포구	양평2동	서울특별시 영등포구	영등포구 양평2동	946618	1949140
1119063	서울특별시 영등포구 신길1동	서울특별시	영등포구	신길1동	서울특별시 영등포구	영등포구 신길1동	948776	1946070
1119065	서울특별시 영등포구 신길3동	서울특별시	영등포구	신길3동	서울특별시 영등포구	영등포구 신길3동	947534	1945456
1119066	서울특별시 영등포구 신길4동	서울특별시	영등포구	신길4동	서울특별시 영등포구	영등포구 신길4동	948135	1945457
1119067	서울특별시 영등포구 신길5동	서울특별시	영등포구	신길5동	서울특별시 영등포구	영등포구 신길5동	947469	1944792
1119068	서울특별시 영등포구 신길6동	서울특별시	영등포구	신길6동	서울특별시 영등포구	영등포구 신길6동	948224	1944518
1119069	서울특별시 영등포구 신길7동	서울특별시	영등포구	신길7동	서울특별시 영등포구	영등포구 신길7동	948946	1945525
1119070	서울특별시 영등포구 대림1동	서울특별시	영등포구	대림1동	서울특별시 영등포구	영등포구 대림1동	947404	1943995
1119071	서울특별시 영등포구 대림2동	서울특별시	영등포구	대림2동	서울특별시 영등포구	영등포구 대림2동	946980	1943639
1119072	서울특별시 영등포구 대림3동	서울특별시	영등포구	대림3동	서울특별시 영등포구	영등포구 대림3동	946735	1944714
1119073	서울특별시 영등포구 영등포본동	서울특별시	영등포구	영등포본동	서울특별시 영등포구	영등포구 영등포본동	947879	1946217
1119074	서울특별시 영등포구 영등포동	서울특별시	영등포구	영등포동	서울특별시 영등포구	영등포구 영등포동	947693	1947200
1119075	서울특별시 영등포구 도림동	서울특별시	영등포구	도림동	서울특별시 영등포구	영등포구 도림동	946986	1945676
1119076	서울특별시 영등포구 문래동	서울특별시	영등포구	문래동	서울특별시 영등포구	영등포구 문래동	946297	1946437
1120052	서울특별시 동작구 노량진2동	서울특별시	동작구	노량진2동	서울특별시 동작구	동작구 노량진2동	950305	1945988
1120053	서울특별시 동작구 상도1동	서울특별시	동작구	상도1동	서울특별시 동작구	동작구 상도1동	951576	1944637
1120054	서울특별시 동작구 상도2동	서울특별시	동작구	상도2동	서울특별시 동작구	동작구 상도2동	950602	1945059
1120055	서울특별시 동작구 상도3동	서울특별시	동작구	상도3동	서울특별시 동작구	동작구 상도3동	949828	1944371
1120056	서울특별시 동작구 상도4동	서울특별시	동작구	상도4동	서울특별시 동작구	동작구 상도4동	950625	1944422
1120063	서울특별시 동작구 사당1동	서울특별시	동작구	사당1동	서울특별시 동작구	동작구 사당1동	953774	1942313
1120065	서울특별시 동작구 사당3동	서울특별시	동작구	사당3동	서울특별시 동작구	동작구 사당3동	953156	1943458
1120066	서울특별시 동작구 사당4동	서울특별시	동작구	사당4동	서울특별시 동작구	동작구 사당4동	953215	1942539
1120067	서울특별시 동작구 사당5동	서울특별시	동작구	사당5동	서울특별시 동작구	동작구 사당5동	952695	1943207
1120068	서울특별시 동작구 대방동	서울특별시	동작구	대방동	서울특별시 동작구	동작구 대방동	949541	1945442
1120069	서울특별시 동작구 신대방1동	서울특별시	동작구	신대방1동	서울특별시 동작구	동작구 신대방1동	948007	1943750
1120070	서울특별시 동작구 신대방2동	서울특별시	동작구	신대방2동	서울특별시 동작구	동작구 신대방2동	948777	1944019
1120071	서울특별시 동작구 흑석동	서울특별시	동작구	흑석동	서울특별시 동작구	동작구 흑석동	952628	1945320
1120072	서울특별시 동작구 노량진1동	서울특별시	동작구	노량진1동	서울특별시 동작구	동작구 노량진1동	951467	1946051
1120073	서울특별시 동작구 사당2동	서울특별시	동작구	사당2동	서울특별시 동작구	동작구 사당2동	953462	1944473
1121052	서울특별시 관악구 보라매동	서울특별시	관악구	보라매동	서울특별시 관악구	관악구 보라매동	949784	1943615
1121054	서울특별시 관악구 청림동	서울특별시	관악구	청림동	서울특별시 관악구	관악구 청림동	952223	1943471
1121057	서울특별시 관악구 행운동	서울특별시	관악구	행운동	서울특별시 관악구	관악구 행운동	952174	1942529
1121058	서울특별시 관악구 낙성대동	서울특별시	관악구	낙성대동	서울특별시 관악구	관악구 낙성대동	952188	1941127
1121061	서울특별시 관악구 중앙동	서울특별시	관악구	중앙동	서울특별시 관악구	관악구 중앙동	951435	1942872
1121062	서울특별시 관악구 인헌동	서울특별시	관악구	인헌동	서울특별시 관악구	관악구 인헌동	952895	1941607
1121063	서울특별시 관악구 남현동	서울특별시	관악구	남현동	서울특별시 관악구	관악구 남현동	953894	1940411
1121064	서울특별시 관악구 서원동	서울특별시	관악구	서원동	서울특별시 관악구	관악구 서원동	949901	1942479
1121065	서울특별시 관악구 신원동	서울특별시	관악구	신원동	서울특별시 관악구	관악구 신원동	949242	1942575
1121066	서울특별시 관악구 서림동	서울특별시	관악구	서림동	서울특별시 관악구	관악구 서림동	950336	1941781
1121068	서울특별시 관악구 신사동	서울특별시	관악구	신사동	서울특별시 관악구	관악구 신사동	948632	1943079
1121069	서울특별시 관악구 신림동	서울특별시	관악구	신림동	서울특별시 관악구	관악구 신림동	949473	1943216
1121071	서울특별시 관악구 난향동	서울특별시	관악구	난향동	서울특별시 관악구	관악구 난향동	948567	1940408
1121072	서울특별시 관악구 조원동	서울특별시	관악구	조원동	서울특별시 관악구	관악구 조원동	947665	1942847
1121073	서울특별시 관악구 대학동	서울특별시	관악구	대학동	서울특별시 관악구	관악구 대학동	951500	1939540
1121078	서울특별시 관악구 은천동	서울특별시	관악구	은천동	서울특별시 관악구	관악구 은천동	950786	1943244
1121079	서울특별시 관악구 성현동	서울특별시	관악구	성현동	서울특별시 관악구	관악구 성현동	951517	1943554
1121080	서울특별시 관악구 청룡동	서울특별시	관악구	청룡동	서울특별시 관악구	관악구 청룡동	951042	1942200
1121081	서울특별시 관악구 난곡동	서울특별시	관악구	난곡동	서울특별시 관악구	관악구 난곡동	948762	1941448
1121082	서울특별시 관악구 삼성동	서울특별시	관악구	삼성동	서울특별시 관악구	관악구 삼성동	949621	1940420
1121083	서울특별시 관악구 미성동	서울특별시	관악구	미성동	서울특별시 관악구	관악구 미성동	948264	1941832
1122051	서울특별시 서초구 서초1동	서울특별시	서초구	서초1동	서울특별시 서초구	서초구 서초1동	957578	1943133
1122052	서울특별시 서초구 서초2동	서울특별시	서초구	서초2동	서울특별시 서초구	서초구 서초2동	958306	1943292
1122053	서울특별시 서초구 서초3동	서울특별시	서초구	서초3동	서울특별시 서초구	서초구 서초3동	956522	1943024
1122054	서울특별시 서초구 서초4동	서울특별시	서초구	서초4동	서울특별시 서초구	서초구 서초4동	957547	1944550
1122055	서울특별시 서초구 잠원동	서울특별시	서초구	잠원동	서울특별시 서초구	서초구 잠원동	956967	1946580
1122056	서울특별시 서초구 반포본동	서울특별시	서초구	반포본동	서울특별시 서초구	서초구 반포본동	954602	1945395
1122057	서울특별시 서초구 반포1동	서울특별시	서초구	반포1동	서울특별시 서초구	서초구 반포1동	957328	1945208
1122058	서울특별시 서초구 반포2동	서울특별시	서초구	반포2동	서울특별시 서초구	서초구 반포2동	955486	1945416
1122059	서울특별시 서초구 반포3동	서울특별시	서초구	반포3동	서울특별시 서초구	서초구 반포3동	956019	1946049
1122060	서울특별시 서초구 반포4동	서울특별시	서초구	반포4동	서울특별시 서초구	서초구 반포4동	956290	1944673
1122061	서울특별시 서초구 방배본동	서울특별시	서초구	방배본동	서울특별시 서초구	서초구 방배본동	954820	1944113
1122062	서울특별시 서초구 방배1동	서울특별시	서초구	방배1동	서울특별시 서초구	서초구 방배1동	955404	1942989
1122063	서울특별시 서초구 방배2동	서울특별시	서초구	방배2동	서울특별시 서초구	서초구 방배2동	954429	1941553
1122064	서울특별시 서초구 방배3동	서울특별시	서초구	방배3동	서울특별시 서초구	서초구 방배3동	955586	1941732
1122065	서울특별시 서초구 방배4동	서울특별시	서초구	방배4동	서울특별시 서초구	서초구 방배4동	955023	1943492
1122066	서울특별시 서초구 양재1동	서울특별시	서초구	양재1동	서울특별시 서초구	서초구 양재1동	957466	1941357
1122067	서울특별시 서초구 양재2동	서울특별시	서초구	양재2동	서울특별시 서초구	서초구 양재2동	959616	1939586
1122068	서울특별시 서초구 내곡동	서울특별시	서초구	내곡동	서울특별시 서초구	서초구 내곡동	962027	1939332
1123051	서울특별시 강남구 신사동	서울특별시	강남구	신사동	서울특별시 강남구	강남구 신사동	957718	1947488
1123052	서울특별시 강남구 논현1동	서울특별시	강남구	논현1동	서울특별시 강남구	강남구 논현1동	958155	1945924
1123053	서울특별시 강남구 논현2동	서울특별시	강남구	논현2동	서울특별시 강남구	강남구 논현2동	959017	1946284
1123058	서울특별시 강남구 삼성1동	서울특별시	강남구	삼성1동	서울특별시 강남구	강남구 삼성1동	961073	1946477
1123059	서울특별시 강남구 삼성2동	서울특별시	강남구	삼성2동	서울특별시 강남구	강남구 삼성2동	960119	1945896
1123060	서울특별시 강남구 대치1동	서울특별시	강남구	대치1동	서울특별시 강남구	강남구 대치1동	961049	1943810
1123063	서울특별시 강남구 대치4동	서울특별시	강남구	대치4동	서울특별시 강남구	강남구 대치4동	960668	1944771
1123064	서울특별시 강남구 역삼1동	서울특별시	강남구	역삼1동	서울특별시 강남구	강남구 역삼1동	958666	1944539
1123065	서울특별시 강남구 역삼2동	서울특별시	강남구	역삼2동	서울특별시 강남구	강남구 역삼2동	959750	1944524
1123066	서울특별시 강남구 도곡1동	서울특별시	강남구	도곡1동	서울특별시 강남구	강남구 도곡1동	959374	1943460
1123067	서울특별시 강남구 도곡2동	서울특별시	강남구	도곡2동	서울특별시 강남구	강남구 도곡2동	960462	1943296
1123068	서울특별시 강남구 개포1동	서울특별시	강남구	개포1동	서울특별시 강남구	강남구 개포1동	961018	1942418
1123071	서울특별시 강남구 개포4동	서울특별시	강남구	개포4동	서울특별시 강남구	강남구 개포4동	960355	1942060
1123072	서울특별시 강남구 일원본동	서울특별시	강남구	일원본동	서울특별시 강남구	강남구 일원본동	963360	1942751
1123073	서울특별시 강남구 일원1동	서울특별시	강남구	일원1동	서울특별시 강남구	강남구 일원1동	963792	1943864
1123074	서울특별시 강남구 일원2동	서울특별시	강남구	일원2동	서울특별시 강남구	강남구 일원2동	962614	1943963
1123075	서울특별시 강남구 수서동	서울특별시	강남구	수서동	서울특별시 강남구	강남구 수서동	964866	1943036
1123076	서울특별시 강남구 세곡동	서울특별시	강남구	세곡동	서울특별시 강남구	강남구 세곡동	964828	1941483
1123077	서울특별시 강남구 압구정동	서울특별시	강남구	압구정동	서울특별시 강남구	강남구 압구정동	958960	1947865
1123078	서울특별시 강남구 청담동	서울특별시	강남구	청담동	서울특별시 강남구	강남구 청담동	960438	1947408
1123079	서울특별시 강남구 대치2동	서울특별시	강남구	대치2동	서울특별시 강남구	강남구 대치2동	961766	1944568
1123080	서울특별시 강남구 개포2동	서울특별시	강남구	개포2동	서울특별시 강남구	강남구 개포2동	961649	1943044
1124051	서울특별시 송파구 풍납1동	서울특별시	송파구	풍납1동	서울특별시 송파구	송파구 풍납1동	965896	1948742
1124052	서울특별시 송파구 풍납2동	서울특별시	송파구	풍납2동	서울특별시 송파구	송파구 풍납2동	965539	1947888
1124053	서울특별시 송파구 거여1동	서울특별시	송파구	거여1동	서울특별시 송파구	송파구 거여1동	968298	1943919
1124054	서울특별시 송파구 거여2동	서울특별시	송파구	거여2동	서울특별시 송파구	송파구 거여2동	968838	1943737
1124055	서울특별시 송파구 마천1동	서울특별시	송파구	마천1동	서울특별시 송파구	송파구 마천1동	969567	1943950
1124056	서울특별시 송파구 마천2동	서울특별시	송파구	마천2동	서울특별시 송파구	송파구 마천2동	969220	1944658
1124057	서울특별시 송파구 방이1동	서울특별시	송파구	방이1동	서울특별시 송파구	송파구 방이1동	966626	1945683
1124058	서울특별시 송파구 방이2동	서울특별시	송파구	방이2동	서울특별시 송파구	송파구 방이2동	965877	1946070
1124059	서울특별시 송파구 오륜동	서울특별시	송파구	오륜동	서울특별시 송파구	송파구 오륜동	967064	1946601
1124060	서울특별시 송파구 오금동	서울특별시	송파구	오금동	서울특별시 송파구	송파구 오금동	967760	1944943
1124061	서울특별시 송파구 송파1동	서울특별시	송파구	송파1동	서울특별시 송파구	송파구 송파1동	965598	1945389
1124062	서울특별시 송파구 송파2동	서울특별시	송파구	송파2동	서울특별시 송파구	송파구 송파2동	966179	1944939
1124063	서울특별시 송파구 석촌동	서울특별시	송파구	석촌동	서울특별시 송파구	송파구 석촌동	964924	1944909
1124064	서울특별시 송파구 삼전동	서울특별시	송파구	삼전동	서울특별시 송파구	송파구 삼전동	963839	1944695
1124065	서울특별시 송파구 가락본동	서울특별시	송파구	가락본동	서울특별시 송파구	송파구 가락본동	966386	1944245
1124066	서울특별시 송파구 가락1동	서울특별시	송파구	가락1동	서울특별시 송파구	송파구 가락1동	965269	1944080
1124067	서울특별시 송파구 가락2동	서울특별시	송파구	가락2동	서울특별시 송파구	송파구 가락2동	967362	1944226
1124068	서울특별시 송파구 문정1동	서울특별시	송파구	문정1동	서울특별시 송파구	송파구 문정1동	966951	1943274
1124069	서울특별시 송파구 문정2동	서울특별시	송파구	문정2동	서울특별시 송파구	송파구 문정2동	966412	1942259
1124071	서울특별시 송파구 잠실본동	서울특별시	송파구	잠실본동	서울특별시 송파구	송파구 잠실본동	963190	1945230
1124075	서울특별시 송파구 잠실4동	서울특별시	송파구	잠실4동	서울특별시 송파구	송파구 잠실4동	965463	1947023
1124077	서울특별시 송파구 잠실6동	서울특별시	송파구	잠실6동	서울특별시 송파구	송파구 잠실6동	964758	1946543
1124078	서울특별시 송파구 잠실7동	서울특별시	송파구	잠실7동	서울특별시 송파구	송파구 잠실7동	962383	1945381
1124079	서울특별시 송파구 잠실2동	서울특별시	송파구	잠실2동	서울특별시 송파구	송파구 잠실2동	962776	1946663
1124080	서울특별시 송파구 잠실3동	서울특별시	송파구	잠실3동	서울특별시 송파구	송파구 잠실3동	964165	1946383
1124081	서울특별시 송파구 장지동	서울특별시	송파구	장지동	서울특별시 송파구	송파구 장지동	967469	1942930
1124082	서울특별시 송파구 위례동	서울특별시	송파구	위례동	서울특별시 송파구	송파구 위례동	968417	1942389
1125051	서울특별시 강동구 강일동	서울특별시	강동구	강일동	서울특별시 강동구	강동구 강일동	971303	1951605
1125052	서울특별시 강동구 상일동	서울특별시	강동구	상일동	서울특별시 강동구	강동구 상일동	970368	1950189
1125053	서울특별시 강동구 명일1동	서울특별시	강동구	명일1동	서울특별시 강동구	강동구 명일1동	968763	1949966
1125054	서울특별시 강동구 명일2동	서울특별시	강동구	명일2동	서울특별시 강동구	강동구 명일2동	969317	1949988
1125055	서울특별시 강동구 고덕1동	서울특별시	강동구	고덕1동	서울특별시 강동구	강동구 고덕1동	969206	1951708
1125056	서울특별시 강동구 고덕2동	서울특별시	강동구	고덕2동	서울특별시 강동구	강동구 고덕2동	970074	1952009
1125058	서울특별시 강동구 암사2동	서울특별시	강동구	암사2동	서울특별시 강동구	강동구 암사2동	966627	1951026
1125059	서울특별시 강동구 암사3동	서울특별시	강동구	암사3동	서울특별시 강동구	강동구 암사3동	968171	1951605
1125061	서울특별시 강동구 천호1동	서울특별시	강동구	천호1동	서울특별시 강동구	강동구 천호1동	968094	1949764
1125063	서울특별시 강동구 천호3동	서울특별시	강동구	천호3동	서울특별시 강동구	강동구 천호3동	967481	1948944
1125065	서울특별시 강동구 성내1동	서울특별시	강동구	성내1동	서울특별시 강동구	강동구 성내1동	966910	1947821
1125066	서울특별시 강동구 성내2동	서울특별시	강동구	성내2동	서울특별시 강동구	강동구 성내2동	967109	1948384
1125067	서울특별시 강동구 성내3동	서울특별시	강동구	성내3동	서울특별시 강동구	강동구 성내3동	967557	1947508
1125070	서울특별시 강동구 둔촌1동	서울특별시	강동구	둔촌1동	서울특별시 강동구	강동구 둔촌1동	968211	1947120
1125071	서울특별시 강동구 둔촌2동	서울특별시	강동구	둔촌2동	서울특별시 강동구	강동구 둔촌2동	968702	1948177
1125072	서울특별시 강동구 암사1동	서울특별시	강동구	암사1동	서울특별시 강동구	강동구 암사1동	967696	1950241
1125073	서울특별시 강동구 천호2동	서울특별시	강동구	천호2동	서울특별시 강동구	강동구 천호2동	966561	1949532
1125074	서울특별시 강동구 길동	서울특별시	강동구	길동	서울특별시 강동구	강동구 길동	968766	1949011
2301052	인천광역시 중구 연안동	인천광역시	중구	연안동	인천광역시 중구	중구 연안동	920456	1939360
2301053	인천광역시 중구 신포동	인천광역시	중구	신포동	인천광역시 중구	중구 신포동	922357	1941237
2301054	인천광역시 중구 신흥동	인천광역시	중구	신흥동	인천광역시 중구	중구 신흥동	922820	1939420
2301056	인천광역시 중구 도원동	인천광역시	중구	도원동	인천광역시 중구	중구 도원동	923898	1941240
2301057	인천광역시 중구 율목동	인천광역시	중구	율목동	인천광역시 중구	중구 율목동	923511	1941507
2301058	인천광역시 중구 동인천동	인천광역시	중구	동인천동	인천광역시 중구	중구 동인천동	922895	1942150
2301060	인천광역시 중구 북성동	인천광역시	중구	북성동	인천광역시 중구	중구 북성동	920744	1942256
2301061	인천광역시 중구 송월동	인천광역시	중구	송월동	인천광역시 중구	중구 송월동	922275	1942508
2301063	인천광역시 중구 용유동	인천광역시	중구	용유동	인천광역시 중구	중구 용유동	902832	1939322
2301064	인천광역시 중구 운서동	인천광역시	중구	운서동	인천광역시 중구	중구 운서동	907399	1941167
2301065	인천광역시 중구 영종동	인천광역시	중구	영종동	인천광역시 중구	중구 영종동	914552	1944923
2301066	인천광역시 중구 영종1동	인천광역시	중구	영종1동	인천광역시 중구	중구 영종1동	917404	1944242
2302051	인천광역시 동구 만석동	인천광역시	동구	만석동	인천광역시 동구	동구 만석동	922021	1943362
2302052	인천광역시 동구 화수1·화평동	인천광역시	동구	화수1·화평동	인천광역시 동구	동구 화수1·화평동	923090	1942685
2302053	인천광역시 동구 화수2동	인천광역시	동구	화수2동	인천광역시 동구	동구 화수2동	923189	1943192
2302055	인천광역시 동구 송현1·2동	인천광역시	동구	송현1·2동	인천광역시 동구	동구 송현1·2동	923589	1942404
2302057	인천광역시 동구 송현3동	인천광역시	동구	송현3동	인천광역시 동구	동구 송현3동	924057	1943423
2302058	인천광역시 동구 송림1동	인천광역시	동구	송림1동	인천광역시 동구	동구 송림1동	923806	1942137
2302059	인천광역시 동구 송림2동	인천광역시	동구	송림2동	인천광역시 동구	동구 송림2동	924192	1942246
2302060	인천광역시 동구 송림3·5동	인천광역시	동구	송림3·5동	인천광역시 동구	동구 송림3·5동	924672	1941923
2302061	인천광역시 동구 송림4동	인천광역시	동구	송림4동	인천광역시 동구	동구 송림4동	925969	1942870
2302063	인천광역시 동구 송림6동	인천광역시	동구	송림6동	인천광역시 동구	동구 송림6동	924690	1942788
2302064	인천광역시 동구 금창동	인천광역시	동구	금창동	인천광역시 동구	동구 금창동	924079	1941662
2303052	인천광역시 남구 숭의2동	인천광역시	남구	숭의2동	인천광역시 남구	남구 숭의2동	924584	1940549
2303054	인천광역시 남구 숭의4동	인천광역시	남구	숭의4동	인천광역시 남구	남구 숭의4동	925406	1940747
2303056	인천광역시 남구 용현2동	인천광역시	남구	용현2동	인천광역시 남구	남구 용현2동	924291	1940000
2303057	인천광역시 남구 용현3동	인천광역시	남구	용현3동	인천광역시 남구	남구 용현3동	925081	1939955
2303059	인천광역시 남구 용현5동	인천광역시	남구	용현5동	인천광역시 남구	남구 용현5동	923863	1939412
2303060	인천광역시 남구 학익1동	인천광역시	남구	학익1동	인천광역시 남구	남구 학익1동	925034	1938167
2303061	인천광역시 남구 학익2동	인천광역시	남구	학익2동	인천광역시 남구	남구 학익2동	926709	1938520
2303062	인천광역시 남구 도화1동	인천광역시	남구	도화1동	인천광역시 남구	남구 도화1동	926611	1940631
2303065	인천광역시 남구 주안1동	인천광역시	남구	주안1동	인천광역시 남구	남구 주안1동	927645	1940631
2303066	인천광역시 남구 주안2동	인천광역시	남구	주안2동	인천광역시 남구	남구 주안2동	926821	1939987
2303067	인천광역시 남구 주안3동	인천광역시	남구	주안3동	인천광역시 남구	남구 주안3동	926689	1939277
2303068	인천광역시 남구 주안4동	인천광역시	남구	주안4동	인천광역시 남구	남구 주안4동	928118	1939682
2303069	인천광역시 남구 주안5동	인천광역시	남구	주안5동	인천광역시 남구	남구 주안5동	927431	1941511
2303070	인천광역시 남구 주안6동	인천광역시	남구	주안6동	인천광역시 남구	남구 주안6동	928461	1940481
2303071	인천광역시 남구 주안7동	인천광역시	남구	주안7동	인천광역시 남구	남구 주안7동	927282	1938885
2303072	인천광역시 남구 주안8동	인천광역시	남구	주안8동	인천광역시 남구	남구 주안8동	927852	1938924
2303073	인천광역시 남구 관교동	인천광역시	남구	관교동	인천광역시 남구	남구 관교동	928592	1938557
2303074	인천광역시 남구 문학동	인천광역시	남구	문학동	인천광역시 남구	남구 문학동	928003	1937732
2303075	인천광역시 남구 숭의1·3동	인천광역시	남구	숭의1·3동	인천광역시 남구	남구 숭의1·3동	924258	1940868
2303076	인천광역시 남구 용현1·4동	인천광역시	남구	용현1·4동	인천광역시 남구	남구 용현1·4동	925651	1939570
2303077	인천광역시 남구 도화2·3동	인천광역시	남구	도화2·3동	인천광역시 남구	남구 도화2·3동	925987	1942082
2304051	인천광역시 연수구 옥련1동	인천광역시	연수구	옥련1동	인천광역시 연수구	연수구 옥련1동	924564	1935952
2304052	인천광역시 연수구 선학동	인천광역시	연수구	선학동	인천광역시 연수구	연수구 선학동	928880	1936959
2304053	인천광역시 연수구 연수1동	인천광역시	연수구	연수1동	인천광역시 연수구	연수구 연수1동	927453	1936511
2304054	인천광역시 연수구 연수2동	인천광역시	연수구	연수2동	인천광역시 연수구	연수구 연수2동	927700	1935155
2304055	인천광역시 연수구 연수3동	인천광역시	연수구	연수3동	인천광역시 연수구	연수구 연수3동	928142	1935863
2304056	인천광역시 연수구 청학동	인천광역시	연수구	청학동	인천광역시 연수구	연수구 청학동	926105	1936511
2304057	인천광역시 연수구 동춘1동	인천광역시	연수구	동춘1동	인천광역시 연수구	연수구 동춘1동	925474	1934419
2304058	인천광역시 연수구 동춘2동	인천광역시	연수구	동춘2동	인천광역시 연수구	연수구 동춘2동	926656	1933828
2304059	인천광역시 연수구 동춘3동	인천광역시	연수구	동춘3동	인천광역시 연수구	연수구 동춘3동	927184	1934670
2304060	인천광역시 연수구 옥련2동	인천광역시	연수구	옥련2동	인천광역시 연수구	연수구 옥련2동	924222	1936839
2304063	인천광역시 연수구 송도2동	인천광역시	연수구	송도2동	인천광역시 연수구	연수구 송도2동	922259	1932819
2304064	인천광역시 연수구 송도1동	인천광역시	연수구	송도1동	인천광역시 연수구	연수구 송도1동	924438	1931823
2304065	인천광역시 연수구 송도3동	인천광역시	연수구	송도3동	인천광역시 연수구	연수구 송도3동	926522	1930120
2305051	인천광역시 남동구 구월1동	인천광역시	남동구	구월1동	인천광역시 남동구	남동구 구월1동	930072	1938823
2305052	인천광역시 남동구 구월2동	인천광역시	남동구	구월2동	인천광역시 남동구	남동구 구월2동	930581	1939981
2305053	인천광역시 남동구 구월3동	인천광역시	남동구	구월3동	인천광역시 남동구	남동구 구월3동	928969	1939222
2305054	인천광역시 남동구 구월4동	인천광역시	남동구	구월4동	인천광역시 남동구	남동구 구월4동	931322	1939136
2305055	인천광역시 남동구 간석1동	인천광역시	남동구	간석1동	인천광역시 남동구	남동구 간석1동	929438	1940482
2305056	인천광역시 남동구 간석2동	인천광역시	남동구	간석2동	인천광역시 남동구	남동구 간석2동	930234	1940444
2305057	인천광역시 남동구 간석3동	인천광역시	남동구	간석3동	인천광역시 남동구	남동구 간석3동	930630	1941465
2305058	인천광역시 남동구 간석4동	인천광역시	남동구	간석4동	인천광역시 남동구	남동구 간석4동	929019	1941125
2305059	인천광역시 남동구 만수1동	인천광역시	남동구	만수1동	인천광역시 남동구	남동구 만수1동	932119	1939425
2305060	인천광역시 남동구 만수2동	인천광역시	남동구	만수2동	인천광역시 남동구	남동구 만수2동	932381	1940756
2305061	인천광역시 남동구 만수3동	인천광역시	남동구	만수3동	인천광역시 남동구	남동구 만수3동	931623	1941031
2305062	인천광역시 남동구 만수4동	인천광역시	남동구	만수4동	인천광역시 남동구	남동구 만수4동	932525	1939957
2305063	인천광역시 남동구 만수5동	인천광역시	남동구	만수5동	인천광역시 남동구	남동구 만수5동	931581	1939957
2305064	인천광역시 남동구 만수6동	인천광역시	남동구	만수6동	인천광역시 남동구	남동구 만수6동	932752	1938198
2305065	인천광역시 남동구 장수서창동	인천광역시	남동구	장수서창동	인천광역시 남동구	남동구 장수서창동	934532	1938634
2305067	인천광역시 남동구 남촌도림동	인천광역시	남동구	남촌도림동	인천광역시 남동구	남동구 남촌도림동	931134	1936831
2305072	인천광역시 남동구 논현1동	인천광역시	남동구	논현1동	인천광역시 남동구	남동구 논현1동	932463	1934692
2305073	인천광역시 남동구 논현2동	인천광역시	남동구	논현2동	인천광역시 남동구	남동구 논현2동	929740	1934675
2305074	인천광역시 남동구 논현고잔동	인천광역시	남동구	논현고잔동	인천광역시 남동구	남동구 논현고잔동	929613	1933290
2306051	인천광역시 부평구 부평1동	인천광역시	부평구	부평1동	인천광역시 부평구	부평구 부평1동	930996	1944469
2306052	인천광역시 부평구 부평2동	인천광역시	부평구	부평2동	인천광역시 부평구	부평구 부평2동	930936	1942585
2306053	인천광역시 부평구 부평3동	인천광역시	부평구	부평3동	인천광역시 부평구	부평구 부평3동	929986	1942986
2306054	인천광역시 부평구 부평4동	인천광역시	부평구	부평4동	인천광역시 부평구	부평구 부평4동	931619	1944924
2306055	인천광역시 부평구 부평5동	인천광역시	부평구	부평5동	인천광역시 부평구	부평구 부평5동	932078	1944495
2306056	인천광역시 부평구 부평6동	인천광역시	부평구	부평6동	인천광역시 부평구	부평구 부평6동	931662	1943091
2306057	인천광역시 부평구 산곡1동	인천광역시	부평구	산곡1동	인천광역시 부평구	부평구 산곡1동	928887	1945203
2306058	인천광역시 부평구 산곡2동	인천광역시	부평구	산곡2동	인천광역시 부평구	부평구 산곡2동	929651	1945203
2306059	인천광역시 부평구 산곡3동	인천광역시	부평구	산곡3동	인천광역시 부평구	부평구 산곡3동	929866	1944013
2306060	인천광역시 부평구 산곡4동	인천광역시	부평구	산곡4동	인천광역시 부평구	부평구 산곡4동	930381	1945119
2306061	인천광역시 부평구 청천1동	인천광역시	부평구	청천1동	인천광역시 부평구	부평구 청천1동	928789	1946861
2306062	인천광역시 부평구 청천2동	인천광역시	부평구	청천2동	인천광역시 부평구	부평구 청천2동	930415	1946394
2306063	인천광역시 부평구 갈산1동	인천광역시	부평구	갈산1동	인천광역시 부평구	부평구 갈산1동	931656	1946482
2306064	인천광역시 부평구 갈산2동	인천광역시	부평구	갈산2동	인천광역시 부평구	부평구 갈산2동	931656	1946066
2306065	인천광역시 부평구 삼산1동	인천광역시	부평구	삼산1동	인천광역시 부평구	부평구 삼산1동	933414	1947113
2306066	인천광역시 부평구 부개1동	인천광역시	부평구	부개1동	인천광역시 부평구	부평구 부개1동	932411	1942901
2306067	인천광역시 부평구 부개2동	인천광역시	부평구	부개2동	인천광역시 부평구	부평구 부개2동	932617	1944020
2306068	인천광역시 부평구 부개3동	인천광역시	부평구	부개3동	인천광역시 부평구	부평구 부개3동	932744	1945037
2306069	인천광역시 부평구 일신동	인천광역시	부평구	일신동	인천광역시 부평구	부평구 일신동	933461	1942101
2306070	인천광역시 부평구 십정1동	인천광역시	부평구	십정1동	인천광역시 부평구	부평구 십정1동	928911	1942419
2306071	인천광역시 부평구 십정2동	인천광역시	부평구	십정2동	인천광역시 부평구	부평구 십정2동	929502	1941803
2306072	인천광역시 부평구 삼산2동	인천광역시	부평구	삼산2동	인천광역시 부평구	부평구 삼산2동	932635	1946099
2307051	인천광역시 계양구 효성1동	인천광역시	계양구	효성1동	인천광역시 계양구	계양구 효성1동	930003	1948732
2307052	인천광역시 계양구 효성2동	인천광역시	계양구	효성2동	인천광역시 계양구	계양구 효성2동	928579	1948445
2307053	인천광역시 계양구 계산1동	인천광역시	계양구	계산1동	인천광역시 계양구	계양구 계산1동	930856	1949367
2307054	인천광역시 계양구 계산2동	인천광역시	계양구	계산2동	인천광역시 계양구	계양구 계산2동	930997	1950244
2307055	인천광역시 계양구 계산3동	인천광역시	계양구	계산3동	인천광역시 계양구	계양구 계산3동	932095	1949165
2307056	인천광역시 계양구 작전1동	인천광역시	계양구	작전1동	인천광역시 계양구	계양구 작전1동	931921	1948155
2307057	인천광역시 계양구 작전2동	인천광역시	계양구	작전2동	인천광역시 계양구	계양구 작전2동	931250	1948145
2307058	인천광역시 계양구 작전서운동	인천광역시	계양구	작전서운동	인천광역시 계양구	계양구 작전서운동	933469	1948199
2307061	인천광역시 계양구 계양2동	인천광역시	계양구	계양2동	인천광역시 계양구	계양구 계양2동	932897	1950261
2307062	인천광역시 계양구 계산4동	인천광역시	계양구	계산4동	인천광역시 계양구	계양구 계산4동	932822	1949086
2307063	인천광역시 계양구 계양1동	인천광역시	계양구	계양1동	인천광역시 계양구	계양구 계양1동	931195	1952207
2307064	인천광역시 계양구 계양3동	인천광역시	계양구	계양3동	인천광역시 계양구	계양구 계양3동	934659	1952216
2308051	인천광역시 서구 검암경서동	인천광역시	서구	검암경서동	인천광역시 서구	서구 검암경서동	926117	1952446
2308053	인천광역시 서구 연희동	인천광역시	서구	연희동	인천광역시 서구	서구 연희동	927729	1950198
2308054	인천광역시 서구 가정1동	인천광역시	서구	가정1동	인천광역시 서구	서구 가정1동	926611	1947765
2308055	인천광역시 서구 가정2동	인천광역시	서구	가정2동	인천광역시 서구	서구 가정2동	927698	1948095
2308056	인천광역시 서구 가정3동	인천광역시	서구	가정3동	인천광역시 서구	서구 가정3동	927585	1946812
2308058	인천광역시 서구 석남1동	인천광역시	서구	석남1동	인천광역시 서구	서구 석남1동	926567	1946027
2308059	인천광역시 서구 석남2동	인천광역시	서구	석남2동	인천광역시 서구	서구 석남2동	925608	1945363
2308060	인천광역시 서구 석남3동	인천광역시	서구	석남3동	인천광역시 서구	서구 석남3동	927745	1945636
2308062	인천광역시 서구 가좌1동	인천광역시	서구	가좌1동	인천광역시 서구	서구 가좌1동	926352	1943308
2308063	인천광역시 서구 가좌2동	인천광역시	서구	가좌2동	인천광역시 서구	서구 가좌2동	928201	1944331
2308064	인천광역시 서구 가좌3동	인천광역시	서구	가좌3동	인천광역시 서구	서구 가좌3동	927298	1943590
2308065	인천광역시 서구 가좌4동	인천광역시	서구	가좌4동	인천광역시 서구	서구 가좌4동	928403	1943287
2308069	인천광역시 서구 검단2동	인천광역시	서구	검단2동	인천광역시 서구	서구 검단2동	927525	1957963
2308070	인천광역시 서구 검단3동	인천광역시	서구	검단3동	인천광역시 서구	서구 검단3동	929984	1954993
2308071	인천광역시 서구 검단4동	인천광역시	서구	검단4동	인천광역시 서구	서구 검단4동	927312	1954876
2308073	인천광역시 서구 신현원창동	인천광역시	서구	신현원창동	인천광역시 서구	서구 신현원창동	923407	1946118
2308074	인천광역시 서구 청라1동	인천광역시	서구	청라1동	인천광역시 서구	서구 청라1동	925434	1948509
2308076	인천광역시 서구 검단1동	인천광역시	서구	검단1동	인천광역시 서구	서구 검단1동	924936	1957526
2308077	인천광역시 서구 검단5동	인천광역시	서구	검단5동	인천광역시 서구	서구 검단5동	923994	1954515
2308078	인천광역시 서구 청라2동	인천광역시	서구	청라2동	인천광역시 서구	서구 청라2동	924088	1948633
2308079	인천광역시 서구 청라3동	인천광역시	서구	청라3동	인천광역시 서구	서구 청라3동	921864	1948934
2331011	인천광역시 강화군 강화읍	인천광역시	강화군	강화읍	인천광역시 강화군	강화군 강화읍	911708	1973905
2331031	인천광역시 강화군 선원면	인천광역시	강화군	선원면	인천광역시 강화군	강화군 선원면	911062	1968694
2331032	인천광역시 강화군 불은면	인천광역시	강화군	불은면	인천광역시 강화군	강화군 불은면	910631	1965150
2331033	인천광역시 강화군 길상면	인천광역시	강화군	길상면	인천광역시 강화군	강화군 길상면	912104	1958980
2331034	인천광역시 강화군 화도면	인천광역시	강화군	화도면	인천광역시 강화군	강화군 화도면	904862	1958303
2331035	인천광역시 강화군 양도면	인천광역시	강화군	양도면	인천광역시 강화군	강화군 양도면	906000	1964414
2331036	인천광역시 강화군 내가면	인천광역시	강화군	내가면	인천광역시 강화군	강화군 내가면	902264	1969410
2331037	인천광역시 강화군 하점면	인천광역시	강화군	하점면	인천광역시 강화군	강화군 하점면	903088	1974571
2331038	인천광역시 강화군 양사면	인천광역시	강화군	양사면	인천광역시 강화군	강화군 양사면	903460	1978651
2331039	인천광역시 강화군 송해면	인천광역시	강화군	송해면	인천광역시 강화군	강화군 송해면	908762	1975991
2331040	인천광역시 강화군 교동면	인천광역시	강화군	교동면	인천광역시 강화군	강화군 교동면	891847	1976841
2331041	인천광역시 강화군 삼산면	인천광역시	강화군	삼산면	인천광역시 강화군	강화군 삼산면	895960	1967099
2331042	인천광역시 강화군 서도면	인천광역시	강화군	서도면	인천광역시 강화군	강화군 서도면	883821	1964299
2332031	인천광역시 옹진군 북도면	인천광역시	옹진군	북도면	인천광역시 옹진군	옹진군 북도면	907320	1948121
2332032	인천광역시 옹진군 연평면	인천광역시	옹진군	연평면	인천광역시 옹진군	옹진군 연평면	840998	1964421
2332033	인천광역시 옹진군 백령면	인천광역시	옹진군	백령면	인천광역시 옹진군	옹진군 백령면	751401	1998099
2332034	인천광역시 옹진군 대청면	인천광역시	옹진군	대청면	인천광역시 옹진군	옹진군 대청면	753551	1984264
2332035	인천광역시 옹진군 덕적면	인천광역시	옹진군	덕적면	인천광역시 옹진군	옹진군 덕적면	878100	1915958
2332036	인천광역시 옹진군 자월면	인천광역시	옹진군	자월면	인천광역시 옹진군	옹진군 자월면	894090	1918370
2332037	인천광역시 옹진군 영흥면	인천광역시	옹진군	영흥면	인천광역시 옹진군	옹진군 영흥면	907868	1917950
3101154	경기도 수원시 장안구 파장동	경기도	수원시 장안구	파장동	경기도 수원시 장안구	수원시 장안구 파장동	954596	1924696
3101155	경기도 수원시 장안구 율천동	경기도	수원시 장안구	율천동	경기도 수원시 장안구	수원시 장안구 율천동	952899	1922603
3101156	경기도 수원시 장안구 정자1동	경기도	수원시 장안구	정자1동	경기도 수원시 장안구	수원시 장안구 정자1동	954748	1922986
3101157	경기도 수원시 장안구 정자2동	경기도	수원시 장안구	정자2동	경기도 수원시 장안구	수원시 장안구 정자2동	955478	1921570
3101158	경기도 수원시 장안구 영화동	경기도	수원시 장안구	영화동	경기도 수원시 장안구	수원시 장안구 영화동	956959	1921557
3101159	경기도 수원시 장안구 송죽동	경기도	수원시 장안구	송죽동	경기도 수원시 장안구	수원시 장안구 송죽동	955935	1923237
3101160	경기도 수원시 장안구 조원1동	경기도	수원시 장안구	조원1동	경기도 수원시 장안구	수원시 장안구 조원1동	957137	1922479
3101161	경기도 수원시 장안구 연무동	경기도	수원시 장안구	연무동	경기도 수원시 장안구	수원시 장안구 연무동	957731	1924665
3101162	경기도 수원시 장안구 정자3동	경기도	수원시 장안구	정자3동	경기도 수원시 장안구	수원시 장안구 정자3동	954621	1922247
3101163	경기도 수원시 장안구 조원2동	경기도	수원시 장안구	조원2동	경기도 수원시 장안구	수원시 장안구 조원2동	956971	1923436
3101252	경기도 수원시 권선구 세류1동	경기도	수원시 권선구	세류1동	경기도 수원시 권선구	수원시 권선구 세류1동	956195	1918115
3101253	경기도 수원시 권선구 세류2동	경기도	수원시 권선구	세류2동	경기도 수원시 권선구	수원시 권선구 세류2동	956454	1916324
3101254	경기도 수원시 권선구 세류3동	경기도	수원시 권선구	세류3동	경기도 수원시 권선구	수원시 권선구 세류3동	956897	1918094
3101255	경기도 수원시 권선구 평동	경기도	수원시 권선구	평동	경기도 수원시 권선구	수원시 권선구 평동	953750	1916472
3101256	경기도 수원시 권선구 서둔동	경기도	수원시 권선구	서둔동	경기도 수원시 권선구	수원시 권선구 서둔동	953974	1919237
3101257	경기도 수원시 권선구 구운동	경기도	수원시 권선구	구운동	경기도 수원시 권선구	수원시 권선구 구운동	953008	1920371
3101260	경기도 수원시 권선구 권선1동	경기도	수원시 권선구	권선1동	경기도 수원시 권선구	수원시 권선구 권선1동	957797	1917838
3101261	경기도 수원시 권선구 곡선동	경기도	수원시 권선구	곡선동	경기도 수원시 권선구	수원시 권선구 곡선동	958544	1915755
3101262	경기도 수원시 권선구 입북동	경기도	수원시 권선구	입북동	경기도 수원시 권선구	수원시 권선구 입북동	951316	1921313
3101264	경기도 수원시 권선구 권선2동	경기도	수원시 권선구	권선2동	경기도 수원시 권선구	수원시 권선구 권선2동	957790	1916258
3101265	경기도 수원시 권선구 금곡동	경기도	수원시 권선구	금곡동	경기도 수원시 권선구	수원시 권선구 금곡동	950732	1919432
3101266	경기도 수원시 권선구 호매실동	경기도	수원시 권선구	호매실동	경기도 수원시 권선구	수원시 권선구 호매실동	951453	1918308
3101353	경기도 수원시 팔달구 지동	경기도	수원시 팔달구	지동	경기도 수원시 팔달구	수원시 팔달구 지동	957965	1920493
3101354	경기도 수원시 팔달구 우만1동	경기도	수원시 팔달구	우만1동	경기도 수원시 팔달구	수원시 팔달구 우만1동	958660	1921024
3101355	경기도 수원시 팔달구 우만2동	경기도	수원시 팔달구	우만2동	경기도 수원시 팔달구	수원시 팔달구 우만2동	959021	1920241
3101356	경기도 수원시 팔달구 인계동	경기도	수원시 팔달구	인계동	경기도 수원시 팔달구	수원시 팔달구 인계동	958066	1918822
3101367	경기도 수원시 팔달구 매교동	경기도	수원시 팔달구	매교동	경기도 수원시 팔달구	수원시 팔달구 매교동	956977	1919039
3101368	경기도 수원시 팔달구 매산동	경기도	수원시 팔달구	매산동	경기도 수원시 팔달구	수원시 팔달구 매산동	956501	1919188
3101369	경기도 수원시 팔달구 고등동	경기도	수원시 팔달구	고등동	경기도 수원시 팔달구	수원시 팔달구 고등동	955834	1919619
3101370	경기도 수원시 팔달구 화서1동	경기도	수원시 팔달구	화서1동	경기도 수원시 팔달구	수원시 팔달구 화서1동	955793	1920251
3101371	경기도 수원시 팔달구 화서2동	경기도	수원시 팔달구	화서2동	경기도 수원시 팔달구	수원시 팔달구 화서2동	955173	1920603
3101372	경기도 수원시 팔달구 행궁동	경기도	수원시 팔달구	행궁동	경기도 수원시 팔달구	수원시 팔달구 행궁동	957035	1920275
3101451	경기도 수원시 영통구 매탄1동	경기도	수원시 영통구	매탄1동	경기도 수원시 영통구	수원시 영통구 매탄1동	959256	1919170
3101452	경기도 수원시 영통구 매탄2동	경기도	수원시 영통구	매탄2동	경기도 수원시 영통구	수원시 영통구 매탄2동	960295	1919060
3101453	경기도 수원시 영통구 매탄3동	경기도	수원시 영통구	매탄3동	경기도 수원시 영통구	수원시 영통구 매탄3동	960190	1917459
3101454	경기도 수원시 영통구 매탄4동	경기도	수원시 영통구	매탄4동	경기도 수원시 영통구	수원시 영통구 매탄4동	960102	1918649
3101459	경기도 수원시 영통구 태장동	경기도	수원시 영통구	태장동	경기도 수원시 영통구	수원시 영통구 태장동	960170	1915576
3101460	경기도 수원시 영통구 원천동	경기도	수원시 영통구	원천동	경기도 수원시 영통구	수원시 영통구 원천동	961049	1919336
3101462	경기도 수원시 영통구 광교1동	경기도	수원시 영통구	광교1동	경기도 수원시 영통구	수원시 영통구 광교1동	959830	1922550
3101463	경기도 수원시 영통구 광교2동	경기도	수원시 영통구	광교2동	경기도 수원시 영통구	수원시 영통구 광교2동	962104	1920904
3101464	경기도 수원시 영통구 영통1동	경기도	수원시 영통구	영통1동	경기도 수원시 영통구	수원시 영통구 영통1동	962106	1918187
3101465	경기도 수원시 영통구 영통2동	경기도	수원시 영통구	영통2동	경기도 수원시 영통구	수원시 영통구 영통2동	960852	1916704
3101466	경기도 수원시 영통구 영통3동	경기도	수원시 영통구	영통3동	경기도 수원시 영통구	수원시 영통구 영통3동	962084	1917010
3102151	경기도 성남시 수정구 신흥1동	경기도	성남시 수정구	신흥1동	경기도 성남시 수정구	성남시 수정구 신흥1동	968163	1938066
3102152	경기도 성남시 수정구 신흥2동	경기도	성남시 수정구	신흥2동	경기도 성남시 수정구	성남시 수정구 신흥2동	968840	1938997
3102153	경기도 성남시 수정구 신흥3동	경기도	성남시 수정구	신흥3동	경기도 성남시 수정구	성남시 수정구 신흥3동	968756	1938301
3102154	경기도 성남시 수정구 태평1동	경기도	성남시 수정구	태평1동	경기도 성남시 수정구	성남시 수정구 태평1동	966643	1938619
3102155	경기도 성남시 수정구 태평2동	경기도	성남시 수정구	태평2동	경기도 성남시 수정구	성남시 수정구 태평2동	967822	1938785
3102156	경기도 성남시 수정구 태평3동	경기도	성남시 수정구	태평3동	경기도 성남시 수정구	성남시 수정구 태평3동	967427	1938631
3102157	경기도 성남시 수정구 태평4동	경기도	성남시 수정구	태평4동	경기도 성남시 수정구	성남시 수정구 태평4동	968199	1938947
3102158	경기도 성남시 수정구 수진1동	경기도	성남시 수정구	수진1동	경기도 성남시 수정구	성남시 수정구 수진1동	967798	1937765
3102159	경기도 성남시 수정구 수진2동	경기도	성남시 수정구	수진2동	경기도 성남시 수정구	성남시 수정구 수진2동	966921	1937571
3102160	경기도 성남시 수정구 단대동	경기도	성남시 수정구	단대동	경기도 성남시 수정구	성남시 수정구 단대동	969722	1939612
3102161	경기도 성남시 수정구 산성동	경기도	성남시 수정구	산성동	경기도 성남시 수정구	성남시 수정구 산성동	969276	1939769
3102162	경기도 성남시 수정구 양지동	경기도	성남시 수정구	양지동	경기도 성남시 수정구	성남시 수정구 양지동	970375	1940495
3102164	경기도 성남시 수정구 신촌동	경기도	성남시 수정구	신촌동	경기도 성남시 수정구	성남시 수정구 신촌동	964944	1939275
3102165	경기도 성남시 수정구 고등동	경기도	성남시 수정구	고등동	경기도 성남시 수정구	성남시 수정구 고등동	963895	1936747
3102166	경기도 성남시 수정구 시흥동	경기도	성남시 수정구	시흥동	경기도 성남시 수정구	성남시 수정구 시흥동	963063	1934869
3102167	경기도 성남시 수정구 복정동	경기도	성남시 수정구	복정동	경기도 성남시 수정구	성남시 수정구 복정동	967483	1940041
3102168	경기도 성남시 수정구 위례동	경기도	성남시 수정구	위례동	경기도 성남시 수정구	성남시 수정구 위례동	968815	1940833
3102251	경기도 성남시 중원구 성남동	경기도	성남시 중원구	성남동	경기도 성남시 중원구	성남시 중원구 성남동	967398	1936988
3102253	경기도 성남시 중원구 금광1동	경기도	성남시 중원구	금광1동	경기도 성남시 중원구	성남시 중원구 금광1동	970417	1938398
3102254	경기도 성남시 중원구 금광2동	경기도	성남시 중원구	금광2동	경기도 성남시 중원구	성남시 중원구 금광2동	970652	1938927
3102255	경기도 성남시 중원구 은행1동	경기도	성남시 중원구	은행1동	경기도 성남시 중원구	성남시 중원구 은행1동	970544	1939292
3102256	경기도 성남시 중원구 은행2동	경기도	성남시 중원구	은행2동	경기도 성남시 중원구	성남시 중원구 은행2동	971378	1940561
3102257	경기도 성남시 중원구 상대원1동	경기도	성남시 중원구	상대원1동	경기도 성남시 중원구	성남시 중원구 상대원1동	971899	1938208
3102258	경기도 성남시 중원구 상대원2동	경기도	성남시 중원구	상대원2동	경기도 성남시 중원구	성남시 중원구 상대원2동	969644	1937348
3102259	경기도 성남시 중원구 상대원3동	경기도	성남시 중원구	상대원3동	경기도 성남시 중원구	성남시 중원구 상대원3동	970214	1937802
3102260	경기도 성남시 중원구 하대원동	경기도	성남시 중원구	하대원동	경기도 성남시 중원구	성남시 중원구 하대원동	968505	1936669
3102261	경기도 성남시 중원구 도촌동	경기도	성남시 중원구	도촌동	경기도 성남시 중원구	성남시 중원구 도촌동	969299	1935603
3102262	경기도 성남시 중원구 중앙동	경기도	성남시 중원구	중앙동	경기도 성남시 중원구	성남시 중원구 중앙동	969285	1937952
3102351	경기도 성남시 분당구 분당동	경기도	성남시 분당구	분당동	경기도 성남시 분당구	성남시 분당구 분당동	968506	1930063
3102352	경기도 성남시 분당구 수내3동	경기도	성남시 분당구	수내3동	경기도 성남시 분당구	성남시 분당구 수내3동	967121	1929630
3102353	경기도 성남시 분당구 수내1동	경기도	성남시 분당구	수내1동	경기도 성남시 분당구	성남시 분당구 수내1동	965861	1931200
3102354	경기도 성남시 분당구 수내2동	경기도	성남시 분당구	수내2동	경기도 성남시 분당구	성남시 분당구 수내2동	966894	1930764
3102355	경기도 성남시 분당구 정자2동	경기도	성남시 분당구	정자2동	경기도 성남시 분당구	성남시 분당구 정자2동	966180	1929942
3102356	경기도 성남시 분당구 정자3동	경기도	성남시 분당구	정자3동	경기도 성남시 분당구	성남시 분당구 정자3동	966532	1928835
3102358	경기도 성남시 분당구 서현1동	경기도	성남시 분당구	서현1동	경기도 성남시 분당구	성남시 분당구 서현1동	968795	1931869
3102359	경기도 성남시 분당구 서현2동	경기도	성남시 분당구	서현2동	경기도 성남시 분당구	성남시 분당구 서현2동	967864	1930631
3102360	경기도 성남시 분당구 이매1동	경기도	성남시 분당구	이매1동	경기도 성남시 분당구	성남시 분당구 이매1동	967686	1933012
3102361	경기도 성남시 분당구 이매2동	경기도	성남시 분당구	이매2동	경기도 성남시 분당구	성남시 분당구 이매2동	966580	1933207
3102362	경기도 성남시 분당구 야탑1동	경기도	성남시 분당구	야탑1동	경기도 성남시 분당구	성남시 분당구 야탑1동	966905	1934967
3102363	경기도 성남시 분당구 야탑3동	경기도	성남시 분당구	야탑3동	경기도 성남시 분당구	성남시 분당구 야탑3동	968991	1934142
3102364	경기도 성남시 분당구 야탑2동	경기도	성남시 분당구	야탑2동	경기도 성남시 분당구	성남시 분당구 야탑2동	966977	1934338
3102367	경기도 성남시 분당구 구미동	경기도	성남시 분당구	구미동	경기도 성남시 분당구	성남시 분당구 구미동	966651	1927221
3102368	경기도 성남시 분당구 운중동	경기도	성남시 분당구	운중동	경기도 성남시 분당구	성남시 분당구 운중동	960535	1931195
3102371	경기도 성남시 분당구 금곡동	경기도	성남시 분당구	금곡동	경기도 성남시 분당구	성남시 분당구 금곡동	964125	1929199
3102372	경기도 성남시 분당구 구미1동	경기도	성남시 분당구	구미1동	경기도 성남시 분당구	성남시 분당구 구미1동	963250	1928392
3102374	경기도 성남시 분당구 삼평동	경기도	성남시 분당구	삼평동	경기도 성남시 분당구	성남시 분당구 삼평동	965450	1933624
3102375	경기도 성남시 분당구 판교동	경기도	성남시 분당구	판교동	경기도 성남시 분당구	성남시 분당구 판교동	964011	1932129
3102376	경기도 성남시 분당구 백현동	경기도	성남시 분당구	백현동	경기도 성남시 분당구	성남시 분당구 백현동	965425	1931968
3102377	경기도 성남시 분당구 정자1동	경기도	성남시 분당구	정자1동	경기도 성남시 분당구	성남시 분당구 정자1동	965105	1930099
3102378	경기도 성남시 분당구 정자동	경기도	성남시 분당구	정자동	경기도 성남시 분당구	성남시 분당구 정자동	965593	1929737
3103051	경기도 의정부시 의정부1동	경기도	의정부시	의정부1동	경기도 의정부시	의정부시 의정부1동	960276	1972097
3103052	경기도 의정부시 의정부2동	경기도	의정부시	의정부2동	경기도 의정부시	의정부시 의정부2동	959226	1970995
3103053	경기도 의정부시 의정부3동	경기도	의정부시	의정부3동	경기도 의정부시	의정부시 의정부3동	960395	1970434
3103055	경기도 의정부시 호원1동	경기도	의정부시	호원1동	경기도 의정부시	의정부시 호원1동	959094	1967739
3103056	경기도 의정부시 장암동	경기도	의정부시	장암동	경기도 의정부시	의정부시 장암동	961745	1967559
3103057	경기도 의정부시 신곡1동	경기도	의정부시	신곡1동	경기도 의정부시	의정부시 신곡1동	961507	1970202
3103058	경기도 의정부시 신곡2동	경기도	의정부시	신곡2동	경기도 의정부시	의정부시 신곡2동	961943	1971852
3103059	경기도 의정부시 송산1동	경기도	의정부시	송산1동	경기도 의정부시	의정부시 송산1동	964743	1969769
3103060	경기도 의정부시 자금동	경기도	의정부시	자금동	경기도 의정부시	의정부시 자금동	962896	1973637
3103061	경기도 의정부시 가능1동	경기도	의정부시	가능1동	경기도 의정부시	의정부시 가능1동	957971	1972732
3103064	경기도 의정부시 녹양동	경기도	의정부시	녹양동	경기도 의정부시	의정부시 녹양동	958716	1973562
3103065	경기도 의정부시 호원2동	경기도	의정부시	호원2동	경기도 의정부시	의정부시 호원2동	958629	1968997
3103066	경기도 의정부시 송산2동	경기도	의정부시	송산2동	경기도 의정부시	의정부시 송산2동	965910	1972405
3103067	경기도 의정부시 흥선동	경기도	의정부시	흥선동	경기도 의정부시	의정부시 흥선동	957440	1970660
3104151	경기도 안양시 만안구 안양1동	경기도	안양시 만안구	안양1동	경기도 안양시 만안구	안양시 만안구 안양1동	949151	1933480
3104152	경기도 안양시 만안구 안양2동	경기도	안양시 만안구	안양2동	경기도 안양시 만안구	안양시 만안구 안양2동	948720	1934682
3104153	경기도 안양시 만안구 안양3동	경기도	안양시 만안구	안양3동	경기도 안양시 만안구	안양시 만안구 안양3동	947797	1933308
3104154	경기도 안양시 만안구 안양4동	경기도	안양시 만안구	안양4동	경기도 안양시 만안구	안양시 만안구 안양4동	948584	1933297
3104155	경기도 안양시 만안구 안양5동	경기도	안양시 만안구	안양5동	경기도 안양시 만안구	안양시 만안구 안양5동	948795	1932683
3104156	경기도 안양시 만안구 안양6동	경기도	안양시 만안구	안양6동	경기도 안양시 만안구	안양시 만안구 안양6동	949112	1931993
3104157	경기도 안양시 만안구 안양7동	경기도	안양시 만안구	안양7동	경기도 안양시 만안구	안양시 만안구 안양7동	950242	1932247
3104158	경기도 안양시 만안구 안양8동	경기도	안양시 만안구	안양8동	경기도 안양시 만안구	안양시 만안구 안양8동	949498	1931450
3104159	경기도 안양시 만안구 안양9동	경기도	안양시 만안구	안양9동	경기도 안양시 만안구	안양시 만안구 안양9동	947240	1930928
3104160	경기도 안양시 만안구 석수1동	경기도	안양시 만안구	석수1동	경기도 안양시 만안구	안양시 만안구 석수1동	949192	1937145
3104161	경기도 안양시 만안구 석수2동	경기도	안양시 만안구	석수2동	경기도 안양시 만안구	안양시 만안구 석수2동	946955	1936154
3104162	경기도 안양시 만안구 석수3동	경기도	안양시 만안구	석수3동	경기도 안양시 만안구	안양시 만안구 석수3동	946682	1934661
3104163	경기도 안양시 만안구 박달1동	경기도	안양시 만안구	박달1동	경기도 안양시 만안구	안양시 만안구 박달1동	947705	1934088
3104164	경기도 안양시 만안구 박달2동	경기도	안양시 만안구	박달2동	경기도 안양시 만안구	안양시 만안구 박달2동	946092	1933165
3104251	경기도 안양시 동안구 비산1동	경기도	안양시 동안구	비산1동	경기도 안양시 동안구	안양시 동안구 비산1동	949874	1934295
3104252	경기도 안양시 동안구 비산2동	경기도	안양시 동안구	비산2동	경기도 안양시 동안구	안양시 동안구 비산2동	950228	1933168
3104253	경기도 안양시 동안구 비산3동	경기도	안양시 동안구	비산3동	경기도 안양시 동안구	안양시 동안구 비산3동	951453	1935798
3104254	경기도 안양시 동안구 부흥동	경기도	안양시 동안구	부흥동	경기도 안양시 동안구	안양시 동안구 부흥동	950952	1932887
3104255	경기도 안양시 동안구 달안동	경기도	안양시 동안구	달안동	경기도 안양시 동안구	안양시 동안구 달안동	951293	1933266
3104256	경기도 안양시 동안구 관양1동	경기도	안양시 동안구	관양1동	경기도 안양시 동안구	안양시 동안구 관양1동	952721	1935056
3104257	경기도 안양시 동안구 관양2동	경기도	안양시 동안구	관양2동	경기도 안양시 동안구	안양시 동안구 관양2동	953255	1933314
3104258	경기도 안양시 동안구 부림동	경기도	안양시 동안구	부림동	경기도 안양시 동안구	안양시 동안구 부림동	951957	1933363
3104259	경기도 안양시 동안구 평촌동	경기도	안양시 동안구	평촌동	경기도 안양시 동안구	안양시 동안구 평촌동	953650	1932650
3104260	경기도 안양시 동안구 평안동	경기도	안양시 동안구	평안동	경기도 안양시 동안구	안양시 동안구 평안동	952484	1932393
3104261	경기도 안양시 동안구 귀인동	경기도	안양시 동안구	귀인동	경기도 안양시 동안구	안양시 동안구 귀인동	952728	1931850
3104262	경기도 안양시 동안구 호계1동	경기도	안양시 동안구	호계1동	경기도 안양시 동안구	안양시 동안구 호계1동	951683	1930534
3104263	경기도 안양시 동안구 호계2동	경기도	안양시 동안구	호계2동	경기도 안양시 동안구	안양시 동안구 호계2동	950972	1931723
3104264	경기도 안양시 동안구 호계3동	경기도	안양시 동안구	호계3동	경기도 안양시 동안구	안양시 동안구 호계3동	952000	1929949
3104265	경기도 안양시 동안구 범계동	경기도	안양시 동안구	범계동	경기도 안양시 동안구	안양시 동안구 범계동	951652	1932206
3104266	경기도 안양시 동안구 신촌동	경기도	안양시 동안구	신촌동	경기도 안양시 동안구	안양시 동안구 신촌동	951945	1931529
3104267	경기도 안양시 동안구 갈산동	경기도	안양시 동안구	갈산동	경기도 안양시 동안구	안양시 동안구 갈산동	952581	1930976
3105051	경기도 부천시 심곡2동	경기도	부천시	심곡2동	경기도 부천시	부천시 심곡2동	936619	1943343
3105052	경기도 부천시 심곡1동	경기도	부천시	심곡1동	경기도 부천시	부천시 심곡1동	936675	1944168
3105053	경기도 부천시 심곡3동	경기도	부천시	심곡3동	경기도 부천시	부천시 심곡3동	935868	1943687
3105054	경기도 부천시 원미2동	경기도	부천시	원미2동	경기도 부천시	부천시 원미2동	937383	1943669
3105055	경기도 부천시 소사동	경기도	부천시	소사동	경기도 부천시	부천시 소사동	937681	1943219
3105056	경기도 부천시 원미1동	경기도	부천시	원미1동	경기도 부천시	부천시 원미1동	937557	1944374
3105057	경기도 부천시 역곡1동	경기도	부천시	역곡1동	경기도 부천시	부천시 역곡1동	939156	1943806
3105058	경기도 부천시 역곡2동	경기도	부천시	역곡2동	경기도 부천시	부천시 역곡2동	938481	1943449
3105059	경기도 부천시 춘의동	경기도	부천시	춘의동	경기도 부천시	부천시 춘의동	938316	1944956
3105060	경기도 부천시 도당동	경기도	부천시	도당동	경기도 부천시	부천시 도당동	936575	1946375
3105061	경기도 부천시 중동	경기도	부천시	중동	경기도 부천시	부천시 중동	935300	1943810
3105062	경기도 부천시 상동	경기도	부천시	상동	경기도 부천시	부천시 상동	934579	1943860
3105063	경기도 부천시 상1동	경기도	부천시	상1동	경기도 부천시	부천시 상1동	933816	1943966
3105064	경기도 부천시 중4동	경기도	부천시	중4동	경기도 부천시	부천시 중4동	934765	1945884
3105065	경기도 부천시 약대동	경기도	부천시	약대동	경기도 부천시	부천시 약대동	935485	1946223
3105066	경기도 부천시 중1동	경기도	부천시	중1동	경기도 부천시	부천시 중1동	935201	1944849
3105067	경기도 부천시 중2동	경기도	부천시	중2동	경기도 부천시	부천시 중2동	936388	1944529
3105068	경기도 부천시 중3동	경기도	부천시	중3동	경기도 부천시	부천시 중3동	935703	1945619
3105069	경기도 부천시 상2동	경기도	부천시	상2동	경기도 부천시	부천시 상2동	933281	1944455
3105070	경기도 부천시 상3동	경기도	부천시	상3동	경기도 부천시	부천시 상3동	933864	1946024
3105071	경기도 부천시 심곡본동	경기도	부천시	심곡본동	경기도 부천시	부천시 심곡본동	936576	1942396
3105072	경기도 부천시 심곡본1동	경기도	부천시	심곡본1동	경기도 부천시	부천시 심곡본1동	935947	1942324
3105073	경기도 부천시 송내1동	경기도	부천시	송내1동	경기도 부천시	부천시 송내1동	934539	1942795
3105074	경기도 부천시 송내2동	경기도	부천시	송내2동	경기도 부천시	부천시 송내2동	935365	1942485
3105075	경기도 부천시 소사본동	경기도	부천시	소사본동	경기도 부천시	부천시 소사본동	937213	1941855
3105076	경기도 부천시 소사본3동	경기도	부천시	소사본3동	경기도 부천시	부천시 소사본3동	938132	1941562
3105077	경기도 부천시 괴안동	경기도	부천시	괴안동	경기도 부천시	부천시 괴안동	938712	1942456
3105078	경기도 부천시 범박동	경기도	부천시	범박동	경기도 부천시	부천시 범박동	939604	1941102
3105079	경기도 부천시 역곡3동	경기도	부천시	역곡3동	경기도 부천시	부천시 역곡3동	939482	1942275
3105080	경기도 부천시 성곡동	경기도	부천시	성곡동	경기도 부천시	부천시 성곡동	938706	1946341
3105081	경기도 부천시 고강본동	경기도	부천시	고강본동	경기도 부천시	부천시 고강본동	940056	1948032
3105082	경기도 부천시 고강1동	경기도	부천시	고강1동	경기도 부천시	부천시 고강1동	939287	1948198
3105083	경기도 부천시 오정동	경기도	부천시	오정동	경기도 부천시	부천시 오정동	936167	1949060
3105084	경기도 부천시 원종1동	경기도	부천시	원종1동	경기도 부천시	부천시 원종1동	938778	1948030
3105085	경기도 부천시 원종2동	경기도	부천시	원종2동	경기도 부천시	부천시 원종2동	938264	1947660
3105086	경기도 부천시 신흥동	경기도	부천시	신흥동	경기도 부천시	부천시 신흥동	935535	1947521
3106051	경기도 광명시 광명1동	경기도	광명시	광명1동	경기도 광명시	광명시 광명1동	943546	1943402
3106052	경기도 광명시 광명2동	경기도	광명시	광명2동	경기도 광명시	광명시 광명2동	943156	1942839
3106053	경기도 광명시 광명3동	경기도	광명시	광명3동	경기도 광명시	광명시 광명3동	943155	1942505
3106054	경기도 광명시 광명4동	경기도	광명시	광명4동	경기도 광명시	광명시 광명4동	942874	1942326
3106055	경기도 광명시 광명5동	경기도	광명시	광명5동	경기도 광명시	광명시 광명5동	942356	1942264
3106056	경기도 광명시 광명6동	경기도	광명시	광명6동	경기도 광명시	광명시 광명6동	941412	1940999
3106057	경기도 광명시 광명7동	경기도	광명시	광명7동	경기도 광명시	광명시 광명7동	942512	1940976
3106058	경기도 광명시 철산1동	경기도	광명시	철산1동	경기도 광명시	광명시 철산1동	944198	1943616
3106059	경기도 광명시 철산2동	경기도	광명시	철산2동	경기도 광명시	광명시 철산2동	944051	1942733
3106060	경기도 광명시 철산3동	경기도	광명시	철산3동	경기도 광명시	광명시 철산3동	944374	1942025
3106061	경기도 광명시 철산4동	경기도	광명시	철산4동	경기도 광명시	광명시 철산4동	943690	1941810
3106062	경기도 광명시 하안1동	경기도	광명시	하안1동	경기도 광명시	광명시 하안1동	944093	1940004
3106063	경기도 광명시 하안2동	경기도	광명시	하안2동	경기도 광명시	광명시 하안2동	944750	1940672
3106064	경기도 광명시 하안3동	경기도	광명시	하안3동	경기도 광명시	광명시 하안3동	945336	1940379
3106065	경기도 광명시 하안4동	경기도	광명시	하안4동	경기도 광명시	광명시 하안4동	945197	1941060
3106066	경기도 광명시 소하1동	경기도	광명시	소하1동	경기도 광명시	광명시 소하1동	946213	1938458
3106067	경기도 광명시 소하2동	경기도	광명시	소하2동	경기도 광명시	광명시 소하2동	945312	1936701
3106068	경기도 광명시 학온동	경기도	광명시	학온동	경기도 광명시	광명시 학온동	942867	1936934
3107011	경기도 평택시 팽성읍	경기도	평택시	팽성읍	경기도 평택시	평택시 팽성읍	959149	1885063
3107012	경기도 평택시 안중읍	경기도	평택시	안중읍	경기도 평택시	평택시 안중읍	949086	1887937
3107013	경기도 평택시 포승읍	경기도	평택시	포승읍	경기도 평택시	평택시 포승읍	942969	1887458
3107014	경기도 평택시 청북읍	경기도	평택시	청북읍	경기도 평택시	평택시 청북읍	949577	1893990
3107031	경기도 평택시 진위면	경기도	평택시	진위면	경기도 평택시	평택시 진위면	962748	1901333
3107032	경기도 평택시 서탄면	경기도	평택시	서탄면	경기도 평택시	평택시 서탄면	957331	1900543
3107033	경기도 평택시 고덕면	경기도	평택시	고덕면	경기도 평택시	평택시 고덕면	958080	1892956
3107034	경기도 평택시 오성면	경기도	평택시	오성면	경기도 평택시	평택시 오성면	955242	1889621
3107037	경기도 평택시 현덕면	경기도	평택시	현덕면	경기도 평택시	평택시 현덕면	950181	1883279
3107051	경기도 평택시 중앙동	경기도	평택시	중앙동	경기도 평택시	평택시 중앙동	960817	1894547
3107052	경기도 평택시 서정동	경기도	평택시	서정동	경기도 평택시	평택시 서정동	960456	1896910
3107053	경기도 평택시 송탄동	경기도	평택시	송탄동	경기도 평택시	평택시 송탄동	963919	1893985
3107055	경기도 평택시 지산동	경기도	평택시	지산동	경기도 평택시	평택시 지산동	960808	1897747
3107056	경기도 평택시 송북동	경기도	평택시	송북동	경기도 평택시	평택시 송북동	962114	1898067
3107057	경기도 평택시 신장1동	경기도	평택시	신장1동	경기도 평택시	평택시 신장1동	960081	1898811
3107058	경기도 평택시 신장2동	경기도	평택시	신장2동	경기도 평택시	평택시 신장2동	959986	1897747
3107059	경기도 평택시 신평동	경기도	평택시	신평동	경기도 평택시	평택시 신평동	965289	1886930
3107060	경기도 평택시 원평동	경기도	평택시	원평동	경기도 평택시	평택시 원평동	962484	1887932
3107061	경기도 평택시 통복동	경기도	평택시	통복동	경기도 평택시	평택시 통복동	963116	1888970
3107062	경기도 평택시 비전1동	경기도	평택시	비전1동	경기도 평택시	평택시 비전1동	965911	1890701
3107063	경기도 평택시 비전2동	경기도	평택시	비전2동	경기도 평택시	평택시 비전2동	965839	1888400
3107064	경기도 평택시 세교동	경기도	평택시	세교동	경기도 평택시	평택시 세교동	962207	1890527
3108051	경기도 동두천시 생연1동	경기도	동두천시	생연1동	경기도 동두천시	동두천시 생연1동	961968	1990021
3108052	경기도 동두천시 생연2동	경기도	동두천시	생연2동	경기도 동두천시	동두천시 생연2동	960491	1989094
3108053	경기도 동두천시 중앙동	경기도	동두천시	중앙동	경기도 동두천시	동두천시 중앙동	960805	1989988
3108055	경기도 동두천시 보산동	경기도	동두천시	보산동	경기도 동두천시	동두천시 보산동	963836	1992046
3108056	경기도 동두천시 불현동	경기도	동두천시	불현동	경기도 동두천시	동두천시 불현동	965220	1987686
3108058	경기도 동두천시 소요동	경기도	동두천시	소요동	경기도 동두천시	동두천시 소요동	961532	1994469
3108060	경기도 동두천시 상패동	경기도	동두천시	상패동	경기도 동두천시	동두천시 상패동	958690	1989804
3108061	경기도 동두천시 송내동	경기도	동두천시	송내동	경기도 동두천시	동두천시 송내동	961459	1987135
3109151	경기도 안산시 상록구 일동	경기도	안산시 상록구	일동	경기도 안산시 상록구	안산시 상록구 일동	944308	1923799
3109154	경기도 안산시 상록구 본오1동	경기도	안산시 상록구	본오1동	경기도 안산시 상록구	안산시 상록구 본오1동	943879	1920593
3109155	경기도 안산시 상록구 본오2동	경기도	안산시 상록구	본오2동	경기도 안산시 상록구	안산시 상록구 본오2동	943989	1921942
3109156	경기도 안산시 상록구 본오3동	경기도	안산시 상록구	본오3동	경기도 안산시 상록구	안산시 상록구 본오3동	944054	1922554
3109157	경기도 안산시 상록구 부곡동	경기도	안산시 상록구	부곡동	경기도 안산시 상록구	안산시 상록구 부곡동	944189	1926171
3109158	경기도 안산시 상록구 월피동	경기도	안산시 상록구	월피동	경기도 안산시 상록구	안산시 상록구 월피동	942114	1927600
3109162	경기도 안산시 상록구 성포동	경기도	안산시 상록구	성포동	경기도 안산시 상록구	안산시 상록구 성포동	942285	1924950
3109171	경기도 안산시 상록구 반월동	경기도	안산시 상록구	반월동	경기도 안산시 상록구	안산시 상록구 반월동	947336	1922523
3109173	경기도 안산시 상록구 안산동	경기도	안산시 상록구	안산동	경기도 안산시 상록구	안산시 상록구 안산동	944695	1929130
3109174	경기도 안산시 상록구 이동	경기도	안산시 상록구	이동	경기도 안산시 상록구	안산시 상록구 이동	942748	1923641
3109176	경기도 안산시 상록구 사동	경기도	안산시 상록구	사동	경기도 안산시 상록구	안산시 상록구 사동	942525	1922492
3109177	경기도 안산시 상록구 사이동	경기도	안산시 상록구	사이동	경기도 안산시 상록구	안산시 상록구 사이동	941611	1920610
3109178	경기도 안산시 상록구 해양동	경기도	안산시 상록구	해양동	경기도 안산시 상록구	안산시 상록구 해양동	940604	1922263
3109259	경기도 안산시 단원구 와동	경기도	안산시 단원구	와동	경기도 안산시 단원구	안산시 단원구 와동	940418	1926898
3109266	경기도 안산시 단원구 초지동	경기도	안산시 단원구	초지동	경기도 안산시 단원구	안산시 단원구 초지동	935302	1923664
3109268	경기도 안산시 단원구 선부1동	경기도	안산시 단원구	선부1동	경기도 안산시 단원구	안산시 단원구 선부1동	938868	1926135
3109269	경기도 안산시 단원구 선부2동	경기도	안산시 단원구	선부2동	경기도 안산시 단원구	안산시 단원구 선부2동	938054	1927540
3109270	경기도 안산시 단원구 선부3동	경기도	안산시 단원구	선부3동	경기도 안산시 단원구	안산시 단원구 선부3동	939827	1928029
3109272	경기도 안산시 단원구 대부동	경기도	안산시 단원구	대부동	경기도 안산시 단원구	안산시 단원구 대부동	919140	1918074
3109273	경기도 안산시 단원구 호수동	경기도	안산시 단원구	호수동	경기도 안산시 단원구	안산시 단원구 호수동	940768	1923710
3109274	경기도 안산시 단원구 고잔동	경기도	안산시 단원구	고잔동	경기도 안산시 단원구	안산시 단원구 고잔동	940073	1925440
3109275	경기도 안산시 단원구 중앙동	경기도	안산시 단원구	중앙동	경기도 안산시 단원구	안산시 단원구 중앙동	941103	1925597
3109276	경기도 안산시 단원구 원곡동	경기도	안산시 단원구	원곡동	경기도 안산시 단원구	안산시 단원구 원곡동	937476	1926081
3109277	경기도 안산시 단원구 신길동	경기도	안산시 단원구	신길동	경기도 안산시 단원구	안산시 단원구 신길동	935214	1926046
3109278	경기도 안산시 단원구 백운동	경기도	안산시 단원구	백운동	경기도 안산시 단원구	안산시 단원구 백운동	937977	1925264
3110151	경기도 고양시 덕양구 주교동	경기도	고양시 덕양구	주교동	경기도 고양시 덕양구	고양시 덕양구 주교동	940610	1962675
3110152	경기도 고양시 덕양구 원신동	경기도	고양시 덕양구	원신동	경기도 고양시 덕양구	고양시 덕양구 원신동	943864	1963710
3110153	경기도 고양시 덕양구 흥도동	경기도	고양시 덕양구	흥도동	경기도 고양시 덕양구	고양시 덕양구 흥도동	943674	1959555
3110154	경기도 고양시 덕양구 성사1동	경기도	고양시 덕양구	성사1동	경기도 고양시 덕양구	고양시 덕양구 성사1동	942188	1962481
3110155	경기도 고양시 덕양구 성사2동	경기도	고양시 덕양구	성사2동	경기도 고양시 덕양구	고양시 덕양구 성사2동	941754	1961442
3110156	경기도 고양시 덕양구 효자동	경기도	고양시 덕양구	효자동	경기도 고양시 덕양구	고양시 덕양구 효자동	951726	1962658
3110157	경기도 고양시 덕양구 신도동	경기도	고양시 덕양구	신도동	경기도 고양시 덕양구	고양시 덕양구 신도동	947439	1962454
3110158	경기도 고양시 덕양구 창릉동	경기도	고양시 덕양구	창릉동	경기도 고양시 덕양구	고양시 덕양구 창릉동	946302	1959211
3110159	경기도 고양시 덕양구 고양동	경기도	고양시 덕양구	고양동	경기도 고양시 덕양구	고양시 덕양구 고양동	947049	1967997
3110160	경기도 고양시 덕양구 관산동	경기도	고양시 덕양구	관산동	경기도 고양시 덕양구	고양시 덕양구 관산동	943548	1968044
3110161	경기도 고양시 덕양구 능곡동	경기도	고양시 덕양구	능곡동	경기도 고양시 덕양구	고양시 덕양구 능곡동	939019	1959136
3110162	경기도 고양시 덕양구 화정1동	경기도	고양시 덕양구	화정1동	경기도 고양시 덕양구	고양시 덕양구 화정1동	941158	1960607
3110163	경기도 고양시 덕양구 화정2동	경기도	고양시 덕양구	화정2동	경기도 고양시 덕양구	고양시 덕양구 화정2동	941465	1959484
3110164	경기도 고양시 덕양구 행주동	경기도	고양시 덕양구	행주동	경기도 고양시 덕양구	고양시 덕양구 행주동	939514	1956885
3110165	경기도 고양시 덕양구 행신1동	경기도	고양시 덕양구	행신1동	경기도 고양시 덕양구	고양시 덕양구 행신1동	941154	1958275
3110166	경기도 고양시 덕양구 행신2동	경기도	고양시 덕양구	행신2동	경기도 고양시 덕양구	고양시 덕양구 행신2동	942132	1956671
3110167	경기도 고양시 덕양구 화전동	경기도	고양시 덕양구	화전동	경기도 고양시 덕양구	고양시 덕양구 화전동	945672	1956176
3110168	경기도 고양시 덕양구 대덕동	경기도	고양시 덕양구	대덕동	경기도 고양시 덕양구	고양시 덕양구 대덕동	943072	1954965
3110169	경기도 고양시 덕양구 행신3동	경기도	고양시 덕양구	행신3동	경기도 고양시 덕양구	고양시 덕양구 행신3동	942386	1958145
3110351	경기도 고양시 일산동구 식사동	경기도	고양시 일산동구	식사동	경기도 고양시 일산동구	고양시 일산동구 식사동	939545	1964340
3110352	경기도 고양시 일산동구 중산동	경기도	고양시 일산동구	중산동	경기도 고양시 일산동구	고양시 일산동구 중산동	937039	1965328
3110353	경기도 고양시 일산동구 정발산동	경기도	고양시 일산동구	정발산동	경기도 고양시 일산동구	고양시 일산동구 정발산동	936432	1963718
3110354	경기도 고양시 일산동구 풍산동	경기도	고양시 일산동구	풍산동	경기도 고양시 일산동구	고양시 일산동구 풍산동	938365	1962973
3110355	경기도 고양시 일산동구 백석1동	경기도	고양시 일산동구	백석1동	경기도 고양시 일산동구	고양시 일산동구 백석1동	937505	1961104
3110356	경기도 고양시 일산동구 마두1동	경기도	고양시 일산동구	마두1동	경기도 고양시 일산동구	고양시 일산동구 마두1동	936713	1962593
3110357	경기도 고양시 일산동구 마두2동	경기도	고양시 일산동구	마두2동	경기도 고양시 일산동구	고양시 일산동구 마두2동	936670	1961811
3110358	경기도 고양시 일산동구 장항1동	경기도	고양시 일산동구	장항1동	경기도 고양시 일산동구	고양시 일산동구 장항1동	934629	1960710
3110359	경기도 고양시 일산동구 장항2동	경기도	고양시 일산동구	장항2동	경기도 고양시 일산동구	고양시 일산동구 장항2동	935466	1962078
3110360	경기도 고양시 일산동구 고봉동	경기도	고양시 일산동구	고봉동	경기도 고양시 일산동구	고양시 일산동구 고봉동	939149	1968059
3110361	경기도 고양시 일산동구 백석2동	경기도	고양시 일산동구	백석2동	경기도 고양시 일산동구	고양시 일산동구 백석2동	936843	1960560
3110451	경기도 고양시 일산서구 일산1동	경기도	고양시 일산서구	일산1동	경기도 고양시 일산서구	고양시 일산서구 일산1동	935389	1965678
3110452	경기도 고양시 일산서구 일산2동	경기도	고양시 일산서구	일산2동	경기도 고양시 일산서구	고양시 일산서구 일산2동	936095	1965687
3110453	경기도 고양시 일산서구 일산3동	경기도	고양시 일산서구	일산3동	경기도 고양시 일산서구	고양시 일산서구 일산3동	935428	1964659
3110454	경기도 고양시 일산서구 탄현동	경기도	고양시 일산서구	탄현동	경기도 고양시 일산서구	고양시 일산서구 탄현동	935690	1966739
3110455	경기도 고양시 일산서구 주엽1동	경기도	고양시 일산서구	주엽1동	경기도 고양시 일산서구	고양시 일산서구 주엽1동	935318	1963705
3110456	경기도 고양시 일산서구 주엽2동	경기도	고양시 일산서구	주엽2동	경기도 고양시 일산서구	고양시 일산서구 주엽2동	934587	1963952
3110457	경기도 고양시 일산서구 대화동	경기도	고양시 일산서구	대화동	경기도 고양시 일산서구	고양시 일산서구 대화동	933449	1963945
3110458	경기도 고양시 일산서구 송포동	경기도	고양시 일산서구	송포동	경기도 고양시 일산서구	고양시 일산서구 송포동	930715	1963084
3110459	경기도 고양시 일산서구 송산동	경기도	고양시 일산서구	송산동	경기도 고양시 일산서구	고양시 일산서구 송산동	929564	1965390
3111051	경기도 과천시 중앙동	경기도	과천시	중앙동	경기도 과천시	과천시 중앙동	953896	1937221
3111052	경기도 과천시 갈현동	경기도	과천시	갈현동	경기도 과천시	과천시 갈현동	954164	1935091
3111053	경기도 과천시 별양동	경기도	과천시	별양동	경기도 과천시	과천시 별양동	955441	1936702
3111054	경기도 과천시 부림동	경기도	과천시	부림동	경기도 과천시	과천시 부림동	955756	1937355
3111055	경기도 과천시 과천동	경기도	과천시	과천동	경기도 과천시	과천시 과천동	956418	1939150
3111056	경기도 과천시 문원동	경기도	과천시	문원동	경기도 과천시	과천시 문원동	957504	1936169
3112051	경기도 구리시 갈매동	경기도	구리시	갈매동	경기도 구리시	구리시 갈매동	966467	1959239
3112052	경기도 구리시 동구동	경기도	구리시	동구동	경기도 구리시	구리시 동구동	967674	1958416
3112053	경기도 구리시 인창동	경기도	구리시	인창동	경기도 구리시	구리시 인창동	967095	1956643
3112054	경기도 구리시 교문1동	경기도	구리시	교문1동	경기도 구리시	구리시 교문1동	966185	1953956
3112055	경기도 구리시 교문2동	경기도	구리시	교문2동	경기도 구리시	구리시 교문2동	967687	1954172
3112056	경기도 구리시 수택1동	경기도	구리시	수택1동	경기도 구리시	구리시 수택1동	968630	1955485
3112057	경기도 구리시 수택2동	경기도	구리시	수택2동	경기도 구리시	구리시 수택2동	968584	1955037
3112058	경기도 구리시 수택3동	경기도	구리시	수택3동	경기도 구리시	구리시 수택3동	969410	1953627
3113011	경기도 남양주시 와부읍	경기도	남양주시	와부읍	경기도 남양주시	남양주시 와부읍	976573	1954281
3113012	경기도 남양주시 진접읍	경기도	남양주시	진접읍	경기도 남양주시	남양주시 진접읍	973012	1968595
3113013	경기도 남양주시 화도읍	경기도	남양주시	화도읍	경기도 남양주시	남양주시 화도읍	984082	1961552
3113014	경기도 남양주시 진건읍	경기도	남양주시	진건읍	경기도 남양주시	남양주시 진건읍	972108	1962073
3113015	경기도 남양주시 오남읍	경기도	남양주시	오남읍	경기도 남양주시	남양주시 오남읍	976187	1966008
3113031	경기도 남양주시 별내면	경기도	남양주시	별내면	경기도 남양주시	남양주시 별내면	966980	1968096
3113032	경기도 남양주시 퇴계원면	경기도	남양주시	퇴계원면	경기도 남양주시	남양주시 퇴계원면	968488	1961788
3113034	경기도 남양주시 수동면	경기도	남양주시	수동면	경기도 남양주시	남양주시 수동면	982498	1969233
3113035	경기도 남양주시 조안면	경기도	남양주시	조안면	경기도 남양주시	남양주시 조안면	981587	1951257
3113051	경기도 남양주시 호평동	경기도	남양주시	호평동	경기도 남양주시	남양주시 호평동	977325	1962531
3113052	경기도 남양주시 평내동	경기도	남양주시	평내동	경기도 남양주시	남양주시 평내동	976593	1960819
3113053	경기도 남양주시 금곡동	경기도	남양주시	금곡동	경기도 남양주시	남양주시 금곡동	974815	1959228
3113054	경기도 남양주시 양정동	경기도	남양주시	양정동	경기도 남양주시	남양주시 양정동	972761	1956866
3113057	경기도 남양주시 별내동	경기도	남양주시	별내동	경기도 남양주시	남양주시 별내동	966378	1963341
3113058	경기도 남양주시 다산1동	경기도	남양주시	다산1동	경기도 남양주시	남양주시 다산1동	969871	1957670
3113059	경기도 남양주시 다산2동	경기도	남양주시	다산2동	경기도 남양주시	남양주시 다산2동	970779	1955330
3114051	경기도 오산시 중앙동	경기도	오산시	중앙동	경기도 오산시	오산시 중앙동	962930	1906156
3114052	경기도 오산시 대원동	경기도	오산시	대원동	경기도 오산시	오산시 대원동	962341	1904368
3114053	경기도 오산시 남촌동	경기도	오산시	남촌동	경기도 오산시	오산시 남촌동	960735	1905976
3114054	경기도 오산시 신장동	경기도	오산시	신장동	경기도 오산시	오산시 신장동	960411	1908090
3114055	경기도 오산시 세마동	경기도	오산시	세마동	경기도 오산시	오산시 세마동	957852	1909471
3114056	경기도 오산시 초평동	경기도	오산시	초평동	경기도 오산시	오산시 초평동	959791	1904845
3115051	경기도 시흥시 대야동	경기도	시흥시	대야동	경기도 시흥시	시흥시 대야동	938158	1939818
3115052	경기도 시흥시 신천동	경기도	시흥시	신천동	경기도 시흥시	시흥시 신천동	936222	1938033
3115053	경기도 시흥시 신현동	경기도	시흥시	신현동	경기도 시흥시	시흥시 신현동	935596	1934940
3115054	경기도 시흥시 은행동	경기도	시흥시	은행동	경기도 시흥시	시흥시 은행동	938925	1937313
3115055	경기도 시흥시 매화동	경기도	시흥시	매화동	경기도 시흥시	시흥시 매화동	940227	1934366
3115056	경기도 시흥시 목감동	경기도	시흥시	목감동	경기도 시흥시	시흥시 목감동	942571	1931801
3115059	경기도 시흥시 과림동	경기도	시흥시	과림동	경기도 시흥시	시흥시 과림동	940995	1937100
3115061	경기도 시흥시 정왕2동	경기도	시흥시	정왕2동	경기도 시흥시	시흥시 정왕2동	930450	1926368
3115062	경기도 시흥시 정왕3동	경기도	시흥시	정왕3동	경기도 시흥시	시흥시 정왕3동	929259	1927445
3115063	경기도 시흥시 정왕4동	경기도	시흥시	정왕4동	경기도 시흥시	시흥시 정왕4동	931318	1930256
3115064	경기도 시흥시 정왕본동	경기도	시흥시	정왕본동	경기도 시흥시	시흥시 정왕본동	933653	1929044
3115065	경기도 시흥시 정왕1동	경기도	시흥시	정왕1동	경기도 시흥시	시흥시 정왕1동	932196	1926069
3115067	경기도 시흥시 능곡동	경기도	시흥시	능곡동	경기도 시흥시	시흥시 능곡동	938818	1929926
3115068	경기도 시흥시 군자동	경기도	시흥시	군자동	경기도 시흥시	시흥시 군자동	936228	1928596
3115069	경기도 시흥시 월곶동	경기도	시흥시	월곶동	경기도 시흥시	시흥시 월곶동	934234	1931588
3115070	경기도 시흥시 연성동	경기도	시흥시	연성동	경기도 시흥시	시흥시 연성동	938584	1932353
3115071	경기도 시흥시 장곡동	경기도	시흥시	장곡동	경기도 시흥시	시흥시 장곡동	936494	1931600
3116051	경기도 군포시 군포1동	경기도	군포시	군포1동	경기도 군포시	군포시 군포1동	951709	1927937
3116052	경기도 군포시 군포2동	경기도	군포시	군포2동	경기도 군포시	군포시 군포2동	950047	1926249
3116054	경기도 군포시 산본1동	경기도	군포시	산본1동	경기도 군포시	군포시 산본1동	950333	1930576
3116055	경기도 군포시 산본2동	경기도	군포시	산본2동	경기도 군포시	군포시 산본2동	949905	1930157
3116056	경기도 군포시 금정동	경기도	군포시	금정동	경기도 군포시	군포시 금정동	950926	1929858
3116057	경기도 군포시 재궁동	경기도	군포시	재궁동	경기도 군포시	군포시 재궁동	950168	1928890
3116058	경기도 군포시 오금동	경기도	군포시	오금동	경기도 군포시	군포시 오금동	949433	1927850
3116059	경기도 군포시 수리동	경기도	군포시	수리동	경기도 군포시	군포시 수리동	948446	1928100
3116060	경기도 군포시 궁내동	경기도	군포시	궁내동	경기도 군포시	군포시 궁내동	948383	1929736
3116061	경기도 군포시 광정동	경기도	군포시	광정동	경기도 군포시	군포시 광정동	949329	1929716
3116062	경기도 군포시 대야동	경기도	군포시	대야동	경기도 군포시	군포시 대야동	946825	1925993
3117051	경기도 의왕시 고천동	경기도	의왕시	고천동	경기도 의왕시	의왕시 고천동	954581	1927020
3117052	경기도 의왕시 부곡동	경기도	의왕시	부곡동	경기도 의왕시	의왕시 부곡동	951864	1925096
3117053	경기도 의왕시 오전동	경기도	의왕시	오전동	경기도 의왕시	의왕시 오전동	954227	1929309
3117054	경기도 의왕시 내손1동	경기도	의왕시	내손1동	경기도 의왕시	의왕시 내손1동	953908	1931188
3117055	경기도 의왕시 내손2동	경기도	의왕시	내손2동	경기도 의왕시	의왕시 내손2동	954125	1932024
3117056	경기도 의왕시 청계동	경기도	의왕시	청계동	경기도 의왕시	의왕시 청계동	956702	1931973
3118051	경기도 하남시 천현동	경기도	하남시	천현동	경기도 하남시	하남시 천현동	977531	1945900
3118052	경기도 하남시 신장1동	경기도	하남시	신장1동	경기도 하남시	하남시 신장1동	974137	1948885
3118053	경기도 하남시 신장2동	경기도	하남시	신장2동	경기도 하남시	하남시 신장2동	975947	1950357
3118054	경기도 하남시 덕풍1동	경기도	하남시	덕풍1동	경기도 하남시	하남시 덕풍1동	973313	1948401
3118055	경기도 하남시 덕풍2동	경기도	하남시	덕풍2동	경기도 하남시	하남시 덕풍2동	973466	1949209
3118056	경기도 하남시 덕풍3동	경기도	하남시	덕풍3동	경기도 하남시	하남시 덕풍3동	973990	1950143
3118059	경기도 하남시 춘궁동	경기도	하남시	춘궁동	경기도 하남시	하남시 춘궁동	973060	1945281
3118060	경기도 하남시 초이동	경기도	하남시	초이동	경기도 하남시	하남시 초이동	971084	1948130
3118061	경기도 하남시 풍산동	경기도	하남시	풍산동	경기도 하남시	하남시 풍산동	972622	1950157
3118062	경기도 하남시 미사1동	경기도	하남시	미사1동	경기도 하남시	하남시 미사1동	973978	1952012
3118063	경기도 하남시 미사2동	경기도	하남시	미사2동	경기도 하남시	하남시 미사2동	972232	1953361
3118064	경기도 하남시 감북동	경기도	하남시	감북동	경기도 하남시	하남시 감북동	969788	1945609
3118065	경기도 하남시 위례동	경기도	하남시	위례동	경기도 하남시	하남시 위례동	970087	1942356
3119111	경기도 용인시 처인구 포곡읍	경기도	용인시 처인구	포곡읍	경기도 용인시 처인구	용인시 처인구 포곡읍	974410	1921644
3119112	경기도 용인시 처인구 모현읍	경기도	용인시 처인구	모현읍	경기도 용인시 처인구	용인시 처인구 모현읍	977213	1925272
3119113	경기도 용인시 처인구 이동읍	경기도	용인시 처인구	이동읍	경기도 용인시 처인구	용인시 처인구 이동읍	976342	1906558
3119132	경기도 용인시 처인구 남사면	경기도	용인시 처인구	남사면	경기도 용인시 처인구	용인시 처인구 남사면	969318	1904024
3119134	경기도 용인시 처인구 원삼면	경기도	용인시 처인구	원삼면	경기도 용인시 처인구	용인시 처인구 원삼면	983126	1906934
3119135	경기도 용인시 처인구 백암면	경기도	용인시 처인구	백암면	경기도 용인시 처인구	용인시 처인구 백암면	990387	1905523
3119136	경기도 용인시 처인구 양지면	경기도	용인시 처인구	양지면	경기도 용인시 처인구	용인시 처인구 양지면	981144	1916274
3119151	경기도 용인시 처인구 중앙동	경기도	용인시 처인구	중앙동	경기도 용인시 처인구	용인시 처인구 중앙동	973551	1914563
3119152	경기도 용인시 처인구 역삼동	경기도	용인시 처인구	역삼동	경기도 용인시 처인구	용인시 처인구 역삼동	971173	1915796
3119153	경기도 용인시 처인구 유림동	경기도	용인시 처인구	유림동	경기도 용인시 처인구	용인시 처인구 유림동	974803	1917084
3119154	경기도 용인시 처인구 동부동	경기도	용인시 처인구	동부동	경기도 용인시 처인구	용인시 처인구 동부동	977701	1911547
3119252	경기도 용인시 기흥구 구갈동	경기도	용인시 기흥구	구갈동	경기도 용인시 기흥구	용인시 기흥구 구갈동	966480	1919876
3119253	경기도 용인시 기흥구 상갈동	경기도	용인시 기흥구	상갈동	경기도 용인시 기흥구	용인시 기흥구 상갈동	967619	1916512
3119254	경기도 용인시 기흥구 기흥동	경기도	용인시 기흥구	기흥동	경기도 용인시 기흥구	용인시 기흥구 기흥동	965659	1914864
3119255	경기도 용인시 기흥구 서농동	경기도	용인시 기흥구	서농동	경기도 용인시 기흥구	용인시 기흥구 서농동	962784	1914943
3119256	경기도 용인시 기흥구 구성동	경기도	용인시 기흥구	구성동	경기도 용인시 기흥구	용인시 기흥구 구성동	967963	1921678
3119257	경기도 용인시 기흥구 마북동	경기도	용인시 기흥구	마북동	경기도 용인시 기흥구	용인시 기흥구 마북동	967810	1923197
3119258	경기도 용인시 기흥구 동백동	경기도	용인시 기흥구	동백동	경기도 용인시 기흥구	용인시 기흥구 동백동	969821	1920083
3119259	경기도 용인시 기흥구 보정동	경기도	용인시 기흥구	보정동	경기도 용인시 기흥구	용인시 기흥구 보정동	965403	1923284
3119260	경기도 용인시 기흥구 상하동	경기도	용인시 기흥구	상하동	경기도 용인시 기흥구	용인시 기흥구 상하동	968071	1918438
3119261	경기도 용인시 기흥구 신갈동	경기도	용인시 기흥구	신갈동	경기도 용인시 기흥구	용인시 기흥구 신갈동	964514	1920330
3119262	경기도 용인시 기흥구 영덕동	경기도	용인시 기흥구	영덕동	경기도 용인시 기흥구	용인시 기흥구 영덕동	963945	1918574
3119351	경기도 용인시 수지구 풍덕천1동	경기도	용인시 수지구	풍덕천1동	경기도 용인시 수지구	용인시 수지구 풍덕천1동	963982	1925477
3119352	경기도 용인시 수지구 풍덕천2동	경기도	용인시 수지구	풍덕천2동	경기도 용인시 수지구	용인시 수지구 풍덕천2동	963694	1924967
3119353	경기도 용인시 수지구 신봉동	경기도	용인시 수지구	신봉동	경기도 용인시 수지구	용인시 수지구 신봉동	960851	1925893
3119354	경기도 용인시 수지구 죽전1동	경기도	용인시 수지구	죽전1동	경기도 용인시 수지구	용인시 수지구 죽전1동	966902	1925452
3119355	경기도 용인시 수지구 죽전2동	경기도	용인시 수지구	죽전2동	경기도 용인시 수지구	용인시 수지구 죽전2동	965278	1925961
3119356	경기도 용인시 수지구 동천동	경기도	용인시 수지구	동천동	경기도 용인시 수지구	용인시 수지구 동천동	959980	1928070
3119357	경기도 용인시 수지구 상현1동	경기도	용인시 수지구	상현1동	경기도 용인시 수지구	용인시 수지구 상현1동	962067	1922708
3119358	경기도 용인시 수지구 상현2동	경기도	용인시 수지구	상현2동	경기도 용인시 수지구	용인시 수지구 상현2동	963540	1923062
3119359	경기도 용인시 수지구 성복동	경기도	용인시 수지구	성복동	경기도 용인시 수지구	용인시 수지구 성복동	961070	1924589
3120011	경기도 파주시 문산읍	경기도	파주시	문산읍	경기도 파주시	파주시 문산읍	936512	1986123
3120012	경기도 파주시 파주읍	경기도	파주시	파주읍	경기도 파주시	파주시 파주읍	940042	1981318
3120013	경기도 파주시 법원읍	경기도	파주시	법원읍	경기도 파주시	파주시 법원읍	946896	1985852
3120015	경기도 파주시 조리읍	경기도	파주시	조리읍	경기도 파주시	파주시 조리읍	940611	1972738
3120021	경기도 파주시 진동면	경기도	파주시	진동면	경기도 파주시	파주시 진동면	938381	1993717
3120026	경기도 파주시 장단면	경기도	파주시	장단면	경기도 파주시	파주시 장단면	930460	1986361
3120027	경기도 파주시 진서면	경기도	파주시	진서면	경기도 파주시	파주시 진서면	930949	1995581
3120031	경기도 파주시 월롱면	경기도	파주시	월롱면	경기도 파주시	파주시 월롱면	936538	1978017
3120032	경기도 파주시 탄현면	경기도	파주시	탄현면	경기도 파주시	파주시 탄현면	930131	1978138
3120035	경기도 파주시 광탄면	경기도	파주시	광탄면	경기도 파주시	파주시 광탄면	946182	1974854
3120036	경기도 파주시 파평면	경기도	파주시	파평면	경기도 파주시	파주시 파평면	943111	1990662
3120037	경기도 파주시 적성면	경기도	파주시	적성면	경기도 파주시	파주시 적성면	949576	1994202
3120038	경기도 파주시 군내면	경기도	파주시	군내면	경기도 파주시	파주시 군내면	929082	1993430
3120052	경기도 파주시 금촌2동	경기도	파주시	금촌2동	경기도 파주시	파주시 금촌2동	936011	1972843
3120053	경기도 파주시 금촌1동	경기도	파주시	금촌1동	경기도 파주시	파주시 금촌1동	936760	1973641
3120054	경기도 파주시 금촌3동	경기도	파주시	금촌3동	경기도 파주시	파주시 금촌3동	933868	1975829
3120055	경기도 파주시 교하동	경기도	파주시	교하동	경기도 파주시	파주시 교하동	930051	1970097
3120056	경기도 파주시 운정1동	경기도	파주시	운정1동	경기도 파주시	파주시 운정1동	936004	1970173
3120057	경기도 파주시 운정2동	경기도	파주시	운정2동	경기도 파주시	파주시 운정2동	933113	1969940
3120058	경기도 파주시 운정3동	경기도	파주시	운정3동	경기도 파주시	파주시 운정3동	934078	1968583
3121011	경기도 이천시 장호원읍	경기도	이천시	장호원읍	경기도 이천시	이천시 장호원읍	1008707	1904405
3121012	경기도 이천시 부발읍	경기도	이천시	부발읍	경기도 이천시	이천시 부발읍	999661	1918907
3121031	경기도 이천시 신둔면	경기도	이천시	신둔면	경기도 이천시	이천시 신둔면	992381	1924437
3121032	경기도 이천시 백사면	경기도	이천시	백사면	경기도 이천시	이천시 백사면	999337	1925379
3121033	경기도 이천시 호법면	경기도	이천시	호법면	경기도 이천시	이천시 호법면	992233	1913264
3121034	경기도 이천시 마장면	경기도	이천시	마장면	경기도 이천시	이천시 마장면	988626	1916492
3121035	경기도 이천시 대월면	경기도	이천시	대월면	경기도 이천시	이천시 대월면	999979	1912411
3121036	경기도 이천시 모가면	경기도	이천시	모가면	경기도 이천시	이천시 모가면	996142	1908620
3121037	경기도 이천시 설성면	경기도	이천시	설성면	경기도 이천시	이천시 설성면	1001415	1904780
3121038	경기도 이천시 율면	경기도	이천시	율면	경기도 이천시	이천시 율면	1003996	1897251
3121051	경기도 이천시 창전동	경기도	이천시	창전동	경기도 이천시	이천시 창전동	995371	1920460
3121052	경기도 이천시 중리동	경기도	이천시	중리동	경기도 이천시	이천시 중리동	996383	1915490
3121053	경기도 이천시 관고동	경기도	이천시	관고동	경기도 이천시	이천시 관고동	992963	1921043
3121054	경기도 이천시 증포동	경기도	이천시	증포동	경기도 이천시	이천시 증포동	996260	1921034
3122011	경기도 안성시 공도읍	경기도	안성시	공도읍	경기도 안성시	안성시 공도읍	971853	1888925
3122031	경기도 안성시 보개면	경기도	안성시	보개면	경기도 안성시	안성시 보개면	983180	1895690
3122032	경기도 안성시 금광면	경기도	안성시	금광면	경기도 안성시	안성시 금광면	985630	1886952
3122033	경기도 안성시 서운면	경기도	안성시	서운면	경기도 안성시	안성시 서운면	978151	1882021
3122034	경기도 안성시 미양면	경기도	안성시	미양면	경기도 안성시	안성시 미양면	975357	1885809
3122035	경기도 안성시 대덕면	경기도	안성시	대덕면	경기도 안성시	안성시 대덕면	976722	1892342
3122036	경기도 안성시 양성면	경기도	안성시	양성면	경기도 안성시	안성시 양성면	974044	1898607
3122038	경기도 안성시 원곡면	경기도	안성시	원곡면	경기도 안성시	안성시 원곡면	968632	1894405
3122039	경기도 안성시 일죽면	경기도	안성시	일죽면	경기도 안성시	안성시 일죽면	998465	1900226
3122040	경기도 안성시 죽산면	경기도	안성시	죽산면	경기도 안성시	안성시 죽산면	993254	1895175
3122041	경기도 안성시 삼죽면	경기도	안성시	삼죽면	경기도 안성시	안성시 삼죽면	987486	1896202
3122042	경기도 안성시 고삼면	경기도	안성시	고삼면	경기도 안성시	안성시 고삼면	979773	1899852
3122051	경기도 안성시 안성1동	경기도	안성시	안성1동	경기도 안성시	안성시 안성1동	980345	1889355
3122052	경기도 안성시 안성2동	경기도	안성시	안성2동	경기도 안성시	안성시 안성2동	979094	1888047
3122053	경기도 안성시 안성3동	경기도	안성시	안성3동	경기도 안성시	안성시 안성3동	979589	1892057
3123011	경기도 김포시 통진읍	경기도	김포시	통진읍	경기도 김포시	김포시 통진읍	920373	1967013
3123012	경기도 김포시 고촌읍	경기도	김포시	고촌읍	경기도 김포시	김포시 고촌읍	935462	1957066
3123013	경기도 김포시 양촌읍	경기도	김포시	양촌읍	경기도 김포시	김포시 양촌읍	921776	1960313
3123034	경기도 김포시 대곶면	경기도	김포시	대곶면	경기도 김포시	김포시 대곶면	918061	1960503
3123035	경기도 김포시 월곶면	경기도	김포시	월곶면	경기도 김포시	김포시 월곶면	917148	1970203
3123036	경기도 김포시 하성면	경기도	김포시	하성면	경기도 김포시	김포시 하성면	924602	1970647
3123053	경기도 김포시 사우동	경기도	김포시	사우동	경기도 김포시	김포시 사우동	931967	1958195
3123054	경기도 김포시 풍무동	경기도	김포시	풍무동	경기도 김포시	김포시 풍무동	931530	1956465
3123056	경기도 김포시 장기동	경기도	김포시	장기동	경기도 김포시	김포시 장기동	927224	1960149
3123058	경기도 김포시 구래동	경기도	김포시	구래동	경기도 김포시	김포시 구래동	923795	1960528
3123060	경기도 김포시 운양동	경기도	김포시	운양동	경기도 김포시	김포시 운양동	928504	1962027
3123061	경기도 김포시 김포본동	경기도	김포시	김포본동	경기도 김포시	김포시 김포본동	930298	1959650
3123062	경기도 김포시 장기본동	경기도	김포시	장기본동	경기도 김포시	김포시 장기본동	926430	1961512
3124012	경기도 화성시 봉담읍	경기도	화성시	봉담읍	경기도 화성시	화성시 봉담읍	949007	1910729
3124013	경기도 화성시 우정읍	경기도	화성시	우정읍	경기도 화성시	화성시 우정읍	936438	1897782
3124014	경기도 화성시 향남읍	경기도	화성시	향남읍	경기도 화성시	화성시 향남읍	949227	1901271
3124015	경기도 화성시 남양읍	경기도	화성시	남양읍	경기도 화성시	화성시 남양읍	940288	1913458
3124031	경기도 화성시 매송면	경기도	화성시	매송면	경기도 화성시	화성시 매송면	946587	1918549
3124033	경기도 화성시 비봉면	경기도	화성시	비봉면	경기도 화성시	화성시 비봉면	943905	1915069
3124035	경기도 화성시 마도면	경기도	화성시	마도면	경기도 화성시	화성시 마도면	934220	1911259
3124036	경기도 화성시 송산면	경기도	화성시	송산면	경기도 화성시	화성시 송산면	931526	1914582
3124037	경기도 화성시 서신면	경기도	화성시	서신면	경기도 화성시	화성시 서신면	930475	1906863
3124038	경기도 화성시 팔탄면	경기도	화성시	팔탄면	경기도 화성시	화성시 팔탄면	944519	1905600
3124039	경기도 화성시 장안면	경기도	화성시	장안면	경기도 화성시	화성시 장안면	942234	1898425
3124042	경기도 화성시 양감면	경기도	화성시	양감면	경기도 화성시	화성시 양감면	953305	1899430
3124043	경기도 화성시 정남면	경기도	화성시	정남면	경기도 화성시	화성시 정남면	954375	1907044
3124052	경기도 화성시 진안동	경기도	화성시	진안동	경기도 화성시	화성시 진안동	958785	1914204
3124053	경기도 화성시 병점1동	경기도	화성시	병점1동	경기도 화성시	화성시 병점1동	958643	1911759
3124054	경기도 화성시 병점2동	경기도	화성시	병점2동	경기도 화성시	화성시 병점2동	959570	1912460
3124055	경기도 화성시 반월동	경기도	화성시	반월동	경기도 화성시	화성시 반월동	960976	1914231
3124056	경기도 화성시 기배동	경기도	화성시	기배동	경기도 화성시	화성시 기배동	954617	1913971
3124057	경기도 화성시 화산동	경기도	화성시	화산동	경기도 화성시	화성시 화산동	955695	1912189
3124060	경기도 화성시 동탄2동	경기도	화성시	동탄2동	경기도 화성시	화성시 동탄2동	962217	1910482
3124061	경기도 화성시 동탄1동	경기도	화성시	동탄1동	경기도 화성시	화성시 동탄1동	962249	1912649
3124062	경기도 화성시 동탄3동	경기도	화성시	동탄3동	경기도 화성시	화성시 동탄3동	960769	1912317
3124064	경기도 화성시 동탄4동	경기도	화성시	동탄4동	경기도 화성시	화성시 동탄4동	965388	1910679
3124065	경기도 화성시 동탄5동	경기도	화성시	동탄5동	경기도 화성시	화성시 동탄5동	966429	1912175
3124066	경기도 화성시 동탄6동	경기도	화성시	동탄6동	경기도 화성시	화성시 동탄6동	965535	1908374
3124067	경기도 화성시 새솔동	경기도	화성시	새솔동	경기도 화성시	화성시 새솔동	940338	1919957
3125011	경기도 광주시 오포읍	경기도	광주시	오포읍	경기도 광주시	광주시 오포읍	974816	1929544
3125012	경기도 광주시 초월읍	경기도	광주시	초월읍	경기도 광주시	광주시 초월읍	983614	1932863
3125014	경기도 광주시 곤지암읍	경기도	광주시	곤지암읍	경기도 광주시	광주시 곤지암읍	989934	1929671
3125034	경기도 광주시 도척면	경기도	광주시	도척면	경기도 광주시	광주시 도척면	984154	1923331
3125035	경기도 광주시 퇴촌면	경기도	광주시	퇴촌면	경기도 광주시	광주시 퇴촌면	984888	1938802
3125036	경기도 광주시 남종면	경기도	광주시	남종면	경기도 광주시	광주시 남종면	983869	1944952
3125038	경기도 광주시 남한산성면	경기도	광주시	남한산성면	경기도 광주시	광주시 남한산성면	975029	1939801
3125051	경기도 광주시 경안동	경기도	광주시	경안동	경기도 광주시	광주시 경안동	978837	1933759
3125052	경기도 광주시 송정동	경기도	광주시	송정동	경기도 광주시	광주시 송정동	976310	1937060
3125053	경기도 광주시 광남동	경기도	광주시	광남동	경기도 광주시	광주시 광남동	974186	1933150
3126011	경기도 양주시 백석읍	경기도	양주시	백석읍	경기도 양주시	양주시 백석읍	954222	1976787
3126031	경기도 양주시 은현면	경기도	양주시	은현면	경기도 양주시	양주시 은현면	958583	1986868
3126032	경기도 양주시 남면	경기도	양주시	남면	경기도 양주시	양주시 남면	953997	1988577
3126033	경기도 양주시 광적면	경기도	양주시	광적면	경기도 양주시	양주시 광적면	952338	1981883
3126034	경기도 양주시 장흥면	경기도	양주시	장흥면	경기도 양주시	양주시 장흥면	953193	1968855
3126051	경기도 양주시 양주1동	경기도	양주시	양주1동	경기도 양주시	양주시 양주1동	959235	1976667
3126052	경기도 양주시 양주2동	경기도	양주시	양주2동	경기도 양주시	양주시 양주2동	963422	1976891
3126053	경기도 양주시 회천1동	경기도	양주시	회천1동	경기도 양주시	양주시 회천1동	962580	1983800
3126054	경기도 양주시 회천2동	경기도	양주시	회천2동	경기도 양주시	양주시 회천2동	959796	1981111
3126055	경기도 양주시 회천3동	경기도	양주시	회천3동	경기도 양주시	양주시 회천3동	962078	1980640
3126056	경기도 양주시 회천4동	경기도	양주시	회천4동	경기도 양주시	양주시 회천4동	964605	1981936
3127011	경기도 포천시 소흘읍	경기도	포천시	소흘읍	경기도 포천시	포천시 소흘읍	969476	1977485
3127031	경기도 포천시 군내면	경기도	포천시	군내면	경기도 포천시	포천시 군내면	976158	1986769
3127032	경기도 포천시 내촌면	경기도	포천시	내촌면	경기도 포천시	포천시 내촌면	976833	1978362
3127033	경기도 포천시 가산면	경기도	포천시	가산면	경기도 포천시	포천시 가산면	973658	1981777
3127034	경기도 포천시 신북면	경기도	포천시	신북면	경기도 포천시	포천시 신북면	971326	1993768
3127035	경기도 포천시 창수면	경기도	포천시	창수면	경기도 포천시	포천시 창수면	970958	2001575
3127036	경기도 포천시 영중면	경기도	포천시	영중면	경기도 포천시	포천시 영중면	977374	2000178
3127037	경기도 포천시 일동면	경기도	포천시	일동면	경기도 포천시	포천시 일동면	986205	1997390
3127038	경기도 포천시 이동면	경기도	포천시	이동면	경기도 포천시	포천시 이동면	990848	2005584
3127039	경기도 포천시 영북면	경기도	포천시	영북면	경기도 포천시	포천시 영북면	980794	2008573
3127040	경기도 포천시 관인면	경기도	포천시	관인면	경기도 포천시	포천시 관인면	975462	2013755
3127041	경기도 포천시 화현면	경기도	포천시	화현면	경기도 포천시	포천시 화현면	981437	1989064
3127051	경기도 포천시 포천동	경기도	포천시	포천동	경기도 포천시	포천시 포천동	971631	1988061
3127052	경기도 포천시 선단동	경기도	포천시	선단동	경기도 포천시	포천시 선단동	968687	1984739
3128011	경기도 여주시 가남읍	경기도	여주시	가남읍	경기도 여주시	여주시 가남읍	1007288	1912822
3128031	경기도 여주시 점동면	경기도	여주시	점동면	경기도 여주시	여주시 점동면	1016682	1910057
3128032	경기도 여주시 능서면	경기도	여주시	능서면	경기도 여주시	여주시 능서면	1008164	1922768
3128033	경기도 여주시 흥천면	경기도	여주시	흥천면	경기도 여주시	여주시 흥천면	1002720	1927103
3128034	경기도 여주시 금사면	경기도	여주시	금사면	경기도 여주시	여주시 금사면	1000318	1933127
3128035	경기도 여주시 산북면	경기도	여주시	산북면	경기도 여주시	여주시 산북면	994736	1933597
3128036	경기도 여주시 대신면	경기도	여주시	대신면	경기도 여주시	여주시 대신면	1008730	1930233
3128037	경기도 여주시 북내면	경기도	여주시	북내면	경기도 여주시	여주시 북내면	1017081	1928594
3128038	경기도 여주시 강천면	경기도	여주시	강천면	경기도 여주시	여주시 강천면	1020224	1922559
3128051	경기도 여주시 여흥동	경기도	여주시	여흥동	경기도 여주시	여주시 여흥동	1013470	1917515
3128052	경기도 여주시 중앙동	경기도	여주시	중앙동	경기도 여주시	여주시 중앙동	1010405	1920380
3128053	경기도 여주시 오학동	경기도	여주시	오학동	경기도 여주시	여주시 오학동	1012535	1924671
3135011	경기도 연천군 연천읍	경기도	연천군	연천읍	경기도 연천군	연천군 연천읍	965262	2012657
3135012	경기도 연천군 전곡읍	경기도	연천군	전곡읍	경기도 연천군	연천군 전곡읍	958889	1999581
3135031	경기도 연천군 군남면	경기도	연천군	군남면	경기도 연천군	연천군 군남면	959598	2007912
3135032	경기도 연천군 청산면	경기도	연천군	청산면	경기도 연천군	연천군 청산면	965969	2001840
3135033	경기도 연천군 백학면	경기도	연천군	백학면	경기도 연천군	연천군 백학면	947734	2003666
3135034	경기도 연천군 미산면	경기도	연천군	미산면	경기도 연천군	연천군 미산면	953892	2003892
3135035	경기도 연천군 왕징면	경기도	연천군	왕징면	경기도 연천군	연천군 왕징면	943960	2015400
3135036	경기도 연천군 신서면	경기도	연천군	신서면	경기도 연천군	연천군 신서면	965678	2022476
3135037	경기도 연천군 중면	경기도	연천군	중면	경기도 연천군	연천군 중면	956334	2019141
3135038	경기도 연천군 장남면	경기도	연천군	장남면	경기도 연천군	연천군 장남면	943982	1999747
3137011	경기도 가평군 가평읍	경기도	가평군	가평읍	경기도 가평군	가평군 가평읍	997873	1978760
3137031	경기도 가평군 설악면	경기도	가평군	설악면	경기도 가평군	가평군 설악면	998837	1961221
3137032	경기도 가평군 청평면	경기도	가평군	청평면	경기도 가평군	가평군 청평면	993667	1969688
3137033	경기도 가평군 상면	경기도	가평군	상면	경기도 가평군	가평군 상면	984164	1977693
3137035	경기도 가평군 북면	경기도	가평군	북면	경기도 가평군	가평군 북면	998512	1995595
3137036	경기도 가평군 조종면	경기도	가평군	조종면	경기도 가평군	가평군 조종면	988025	1985541
3138011	경기도 양평군 양평읍	경기도	양평군	양평읍	경기도 양평군	양평군 양평읍	1001736	1943375
3138031	경기도 양평군 강상면	경기도	양평군	강상면	경기도 양평군	양평군 강상면	997469	1940420
3138032	경기도 양평군 강하면	경기도	양평군	강하면	경기도 양평군	양평군 강하면	992651	1940614
3138033	경기도 양평군 양서면	경기도	양평군	양서면	경기도 양평군	양평군 양서면	988840	1948984
3138034	경기도 양평군 옥천면	경기도	양평군	옥천면	경기도 양평군	양평군 옥천면	999028	1950300
3138035	경기도 양평군 서종면	경기도	양평군	서종면	경기도 양평군	양평군 서종면	991951	1956950
3138036	경기도 양평군 단월면	경기도	양평군	단월면	경기도 양평군	양평군 단월면	1014089	1952367
3138037	경기도 양평군 청운면	경기도	양평군	청운면	경기도 양평군	양평군 청운면	1023578	1949775
3138038	경기도 양평군 양동면	경기도	양평군	양동면	경기도 양평군	양평군 양동면	1022193	1938033
3138039	경기도 양평군 지평면	경기도	양평군	지평면	경기도 양평군	양평군 지평면	1013926	1939381
3138040	경기도 양평군 용문면	경기도	양평군	용문면	경기도 양평군	양평군 용문면	1007678	1946139
3138041	경기도 양평군 개군면	경기도	양평군	개군면	경기도 양평군	양평군 개군면	1004170	1937946
3200000	강원도	강원도	_	_	강원도	_	1062397	1980673
3300000	충청북도	충청북도	_	_	충청북도	_	1019249	1872051
3400000	충청남도	충청남도	_	_	충청남도	_	943592	1836225
3500000	전라북도	전라북도	_	_	전라북도	_	966890	1748060
3600000	전라남도	전라남도	_	_	전라남도	_	954414	1655306
3700000	경상북도	경상북도	_	_	경상북도	_	1101987	1818893
3800000	경상남도	경상남도	_	_	경상남도	_	1079417	1708433
3900000	제주특별자치도	제주특별자치도	_	_	제주특별자치도	_	911398	1488063
2400000	광주광역시	광주광역시	_	_	광주광역시	_	938976	1684625
2500000	대전광역시	대전광역시	_	_	대전광역시	_	989902	1816037
2600000	울산광역시	울산광역시	_	_	울산광역시	_	1155474	1726994
2900000	세종특별자치시	세종특별자치시	_	_	세종특별자치시	_	979396	1841415
2100000	부산광역시	부산광역시	_	_	부산광역시	_	1141442	1691752
2200000	대구광역시	대구광역시	_	_	대구광역시	_	1099069	1757725
1101000	서울특별시 종로구	서울특별시	종로구	_	서울특별시 종로구	_	953007	1955640
1102000	서울특별시 중구	서울특별시	중구	_	서울특별시 중구	_	955198	1951045
1103000	서울특별시 용산구	서울특별시	용산구	_	서울특별시 용산구	_	954213	1948359
1104000	서울특별시 성동구	서울특별시	성동구	_	서울특별시 성동구	_	959551	1950348
1105000	서울특별시 광진구	서울특별시	광진구	_	서울특별시 광진구	_	963733	1949956
1106000	서울특별시 동대문구	서울특별시	동대문구	_	서울특별시 동대문구	_	960503	1953938
1107000	서울특별시 중랑구	서울특별시	중랑구	_	서울특별시 중랑구	_	964151	1955156
1108000	서울특별시 성북구	서울특별시	성북구	_	서울특별시 성북구	_	958283	1956504
1109000	서울특별시 강북구	서울특별시	강북구	_	서울특별시 강북구	_	956322	1960932
1110000	서울특별시 도봉구	서울특별시	도봉구	_	서울특별시 도봉구	_	958788	1963061
1111000	서울특별시 노원구	서울특별시	노원구	_	서울특별시 노원구	_	962150	1961823
1112000	서울특별시 은평구	서울특별시	은평구	_	서울특별시 은평구	_	949395	1957742
1113000	서울특별시 서대문구	서울특별시	서대문구	_	서울특별시 서대문구	_	950011	1953805
1114000	서울특별시 마포구	서울특별시	마포구	_	서울특별시 마포구	_	947091	1951335
1115000	서울특별시 양천구	서울특별시	양천구	_	서울특별시 양천구	_	943634	1947723
1116000	서울특별시 강서구	서울특별시	강서구	_	서울특별시 강서구	_	940091	1951913
1117000	서울특별시 구로구	서울특별시	구로구	_	서울특별시 구로구	_	942902	1944228
1118000	서울특별시 금천구	서울특별시	금천구	_	서울특별시 금천구	_	946921	1940272
1119000	서울특별시 영등포구	서울특별시	영등포구	_	서울특별시 영등포구	_	948032	1946692
1120000	서울특별시 동작구	서울특별시	동작구	_	서울특별시 동작구	_	951496	1944406
1121000	서울특별시 관악구	서울특별시	관악구	_	서울특별시 관악구	_	951435	1940839
1122000	서울특별시 서초구	서울특별시	서초구	_	서울특별시 서초구	_	956940	1942289
1123000	서울특별시 강남구	서울특별시	강남구	_	서울특별시 강남구	_	960801	1944466
1124000	서울특별시 송파구	서울특별시	송파구	_	서울특별시 송파구	_	965164	1945139
1125000	서울특별시 강동구	서울특별시	강동구	_	서울특별시 강동구	_	968844	1950025
2301000	인천광역시 중구	인천광역시	중구	_	인천광역시 중구	_	907776	1942258
2302000	인천광역시 동구	인천광역시	동구	_	인천광역시 동구	_	923653	1942890
2303000	인천광역시 남구	인천광역시	남구	_	인천광역시 남구	_	926144	1940087
2304000	인천광역시 연수구	인천광역시	연수구	_	인천광역시 연수구	_	924091	1932480
2305000	인천광역시 남동구	인천광역시	남동구	_	인천광역시 남동구	_	932612	1937109
2306000	인천광역시 부평구	인천광역시	부평구	_	인천광역시 부평구	_	930762	1944165
2307000	인천광역시 계양구	인천광역시	계양구	_	인천광역시 계양구	_	932536	1951320
2308000	인천광역시 서구	인천광역시	서구	_	인천광역시 서구	_	925529	1951020
2331000	인천광역시 강화군	인천광역시	강화군	_	인천광역시 강화군	_	906490	1967880
2332000	인천광역시 옹진군	인천광역시	옹진군	_	인천광역시 옹진군	_	751613	1998159
3101100	경기도 수원시 장안구	경기도	수원시 장안구	_	경기도 수원시 장안구	_	955964	1924465
3101200	경기도 수원시 권선구	경기도	수원시 권선구	_	경기도 수원시 권선구	_	952611	1918466
3101300	경기도 수원시 팔달구	경기도	수원시 팔달구	_	경기도 수원시 팔달구	_	957196	1919672
3101400	경기도 수원시 영통구	경기도	수원시 영통구	_	경기도 수원시 영통구	_	960657	1919791
3102100	경기도 성남시 수정구	경기도	성남시 수정구	_	경기도 성남시 수정구	_	965020	1937481
3102200	경기도 성남시 중원구	경기도	성남시 중원구	_	경기도 성남시 중원구	_	970783	1937921
3102300	경기도 성남시 분당구	경기도	성남시 분당구	_	경기도 성남시 분당구	_	964098	1930760
3103000	경기도 의정부시	경기도	의정부시	_	경기도 의정부시	_	961816	1970473
3104100	경기도 안양시 만안구	경기도	안양시 만안구	_	경기도 안양시 만안구	_	947142	1934100
3104200	경기도 안양시 동안구	경기도	안양시 동안구	_	경기도 안양시 동안구	_	951753	1933695
3105000	경기도 부천시	경기도	부천시	_	경기도 부천시	_	936572	1945462
3106000	경기도 광명시	경기도	광명시	_	경기도 광명시	_	944052	1938983
3107000	경기도 평택시	경기도	평택시	_	경기도 평택시	_	955856	1891727
3108000	경기도 동두천시	경기도	동두천시	_	경기도 동두천시	_	961942	1991277
3109100	경기도 안산시 상록구	경기도	안산시 상록구	_	경기도 안산시 상록구	_	943102	1925012
3109200	경기도 안산시 단원구	경기도	안산시 단원구	_	경기도 안산시 단원구	_	920184	1917374
3110100	경기도 고양시 덕양구	경기도	고양시 덕양구	_	경기도 고양시 덕양구	_	947073	1962470
3110300	경기도 고양시 일산동구	경기도	고양시 일산동구	_	경기도 고양시 일산동구	_	938840	1964879
3110400	경기도 고양시 일산서구	경기도	고양시 일산서구	_	경기도 고양시 일산서구	_	931665	1964471
3111000	경기도 과천시	경기도	과천시	_	경기도 과천시	_	956110	1937341
3112000	경기도 구리시	경기도	구리시	_	경기도 구리시	_	967579	1955822
3113000	경기도 남양주시	경기도	남양주시	_	경기도 남양주시	_	978651	1960416
3114000	경기도 오산시	경기도	오산시	_	경기도 오산시	_	960162	1907242
3115000	경기도 시흥시	경기도	시흥시	_	경기도 시흥시	_	940771	1932625
3116000	경기도 군포시	경기도	군포시	_	경기도 군포시	_	948689	1927132
3117000	경기도 의왕시	경기도	의왕시	_	경기도 의왕시	_	954764	1928890
3118000	경기도 하남시	경기도	하남시	_	경기도 하남시	_	974474	1947931
3119100	경기도 용인시 처인구	경기도	용인시 처인구	_	경기도 용인시 처인구	_	976938	1913728
3119200	경기도 용인시 기흥구	경기도	용인시 기흥구	_	경기도 용인시 기흥구	_	966298	1919084
3119300	경기도 용인시 수지구	경기도	용인시 수지구	_	경기도 용인시 수지구	_	963569	1926056
3120000	경기도 파주시	경기도	파주시	_	경기도 파주시	_	939099	1983533
3121000	경기도 이천시	경기도	이천시	_	경기도 이천시	_	995740	1911408
3122000	경기도 안성시	경기도	안성시	_	경기도 안성시	_	982735	1891822
3123000	경기도 김포시	경기도	김포시	_	경기도 김포시	_	920782	1965392
3124000	경기도 화성시	경기도	화성시	_	경기도 화성시	_	948014	1906324
3125000	경기도 광주시	경기도	광주시	_	경기도 광주시	_	981571	1933503
3126000	경기도 양주시	경기도	양주시	_	경기도 양주시	_	957228	1978553
3127000	경기도 포천시	경기도	포천시	_	경기도 포천시	_	976950	1996445
3128000	경기도 여주시	경기도	여주시	_	경기도 여주시	_	1012789	1920975
3135000	경기도 연천군	경기도	연천군	_	경기도 연천군	_	958047	2011769
3137000	경기도 가평군	경기도	가평군	_	경기도 가평군	_	991872	1979062
3138000	경기도 양평군	경기도	양평군	_	경기도 양평군	_	1007166	1946637
